Author, Author Fullname, Name, Parent ID, Created Time, Upvote, Downvote, Body, 
, t2_uw5rjqlvv, t3_1az7ev3, , 02/24/24 17:29, 7934, 0, I‚Äôm trying to figure out if there‚Äôs a reasonable explanation behind this because I can‚Äôt believe he would cheat on me.My husband and I have been married for years and raised two beautiful children.He‚Äôs always been a loving, romantic, affectionate, perfect husband. I never had any doubts about him.I have an athletic body. I‚Äôm very healthy but I am not small.We have joint finances and I noticed an unusual purchase. My husband had bought expensive lingerie arriving today. I looked into it.On one hand, it‚Äôs too small for me and built for a petite skinny woman with no muscles. And I have never worn lingerie. I don‚Äôt even know if I would be confident in lingerie.And he knows my size. He‚Äôs bought clothes for me before, including underwear, and has never been wrong. This so is clearly the wrong size, way too small for me. The brand has undercarriage, waist and hip sizes.My husband is handsome and has women throwing themselves at him. I have no doubt that if he wanted to he could easily get an affair partner.On the other hand, it could conceivably be an insanely tight fit on me. And he‚Äôs shipping it to our home address instead of his office.He didn‚Äôt have anything incriminating on his phone but we share phones so it could mean nothing.WIBTA for confronting him about the lingerie? I don‚Äôt want my husband to feel that I don‚Äôt trust him but I don‚Äôt have any other explanations.Edit: I have never worn lingerie in my life. He hasn‚Äôt bought me lingerie before.\xa0It‚Äôs very frilly and cute, not something that would suit me even if it fit.He is a perfectionist and has never bought me the wrong size in clothes. If it was a mistake in sizing he would have called weeks ago when it was ordered. The lingerie has actual measurements and my husband knows my measurements.Edit: I am not going to be home when the package arrives. I don‚Äôt open packages anyways.It‚Äôs way way way too small to fit my husband. I know a few women it would fit.I don‚Äôt usually go through credit card transactions. If I hadn‚Äôt looked at them to cancel a subscription I wouldn‚Äôt have noticed the pricey credit card charge to a lingerie store.Our children are young. If they stole the credit card, my husband would have immediately noticed and shut it down. It‚Äôs entirely inappropriate for children., 
ThrowRA-Mud-6680, t2_4dpbs6v4, t1_ks0sfbq, t1_ks0ho3v, 02/24/24 17:29, , 0, Doesnt he brutally torture people in Prince of Thieves?, 
True_Dimension4344, t2_84c9e5d7, t1_ks0ho3v, t1_ks0h5ni, 02/24/24 21:47, 106, 0, Omg yes., 
enolaholmes23, t2_88n78js9, t1_ks0h5ni, t1_ks0d18y, 02/24/24 21:43, 74, 0, Yes ks2ogon ks1oxyw ks4ubb8 ks0o8kl] such a worse character than when he took over Nakatomi Plaza on Christmas., 
silasfelinus, t2_iydia, t1_ks150sa, t1_ks0d18y, 02/25/24 00:52, 438, 0, Oh I never translated that wrapping scene as he was leaving the option open for him to change his mind! That actually fits especially given the read of his character low-key being an angel (or at least he was in early scripts)., 
True_Dimension4344, t2_84c9e5d7, t1_ks0d18y, t1_ks073ek, 02/25/24 00:52, 32, 0, He repeatedly made it difficult for him to continue this purchase yet snape still kept moving forward. Sad. Sad. My lowest Alan Rickman point. ks2bwjs ks1fy52 ks1aq4o ks51q2n ks1c2ws ks3vycu ks28v0n], 
DoctorGuvnor, t2_3wc7id4r, t1_ks0x6kz, t1_ks0h051, 02/24/24 21:14, 446, 0, In the first draft Rowan Atkinson was intended to be an angel and in the airport scene he was supposed to turn away and disappear leaving behind a feather., 
enolaholmes23, t2_88n78js9, t1_ks0h051, t1_ks0agps, 02/24/24 21:42, 26, 0, Yes! The airport scene proves that Mr. Bean knows whats what and was doing it all on purpose from the start., 
ddh85, t2_etudi, t1_ks0daiz, t1_ks0agps, 02/24/24 21:16, 123, 0, Little Jojen Reed is running for love! ks4zy8g], 
bethmrogers, t2_e4nvg, t1_ks0agps, t1_ks073ek, 02/24/24 21:16, 76, 0, Dont forget the airport scene! ks17kre], 
EntrepreneurOk7513, t2_85qxum0n, t1_ks073ek, t1_ks04mn8, 02/24/24 20:56, 56, 0, It‚Äôs sad that one of the best parts of the movie ks13tll ks0vcwg ks1o8nk ks1l1cp ks1t9qm ks1gqji ks20uim ks2b7ka ks2ted3 ks11syb ks4mxlt ks1j2i9 ks51vjo] Mr Bean wrapping the jewelry is related to one of the saddest., 
hayley888sky, t2_7y0u4tul, t1_ks13w5r, t1_ks13bzd, 02/24/24 20:33, 793, 0, But she ended up with gorgeous Greg Wise so she got the better end of the deal., 
Schlemiel_Schlemazel, t2_bsrybynk, t1_ks1bz8v, t1_ks13bzd, 02/25/24 02:03, 102, 0, You mean Bellatrix LeStrange?, 
Lightness_Being, t2_ol9e22ihs, t1_ks13bzd, t1_ks12c6b, 02/25/24 00:37, 39, 0, The poor woman knows what its like.  Her long term partner Kenneth Branagh ks13sgj ks19jq9 ks23642 ks2qgwt ks27wli ks2mgrh ks2ok8j ks2wrnd] cheated on her with Helena Bonham-Carter then had to put up with them being an It- couple.", 
shakeitup2017, t2_pb44gta, t1_ks1aqxg, t1_ks12c6b, 02/25/24 01:49, 152, 0, Im a bloke who likes 4x4s and beer and weightlifting but it is one of my all time favourite films. Modern Shakespeare level, 
pastramallama, t2_7es0r7wc, t1_ks12c6b, t1_ks0rode, 02/25/24 00:28, 31, 0, And the cinematography of her in that moment by the bed when she gathers herself with the joni Mitchell music playing. Its so ks2vv23] so good. I mean I love love actually but I also dont want to be like claiming its PEAK FILM but truly that scene is so so well done in so many ways.", 
Shasta-2020, t2_i7xngd3a, t1_ks0rode, t1_ks08v4q, 02/25/24 00:28, 134, 0, The range of emotion on her face as she realizes that Snape is cheating but she has to keep it together is a master class in acting. ks29i45 ks2lio0 ks4eztf], 
Weird-Track-7485, t2_h2fe2mzs, t1_ks0yqee, t1_ks08v4q, 02/24/24 23:01, 199, 0, I cry every time, 
cimorthing, t2_ys1no, t1_ks08v4q, t1_ks04mn8, 02/24/24 23:58, 15, 0, That scene broke my heart for her, 
Worth_Chemist_3361, t2_74ok4jrz, t1_ks06wr8, t1_ks04mn8, 02/24/24 20:45, 95, 0, She was in Harry Potter as well. She played Professor Sybill Trelawney. ks6grm6], 
missmediajunkie, t2_5glym, t1_ks125l4, t1_ks07fjv, 02/24/24 20:32, 76, 0, No it was Elinor Dashwood and Colonel Brandon., 
aurora_rosealis, t2_4t3kjyi, t1_ks07fjv, t1_ks04mn8, 02/25/24 00:26, 27, 0, Wasn‚Äôt it Professor Snape and Professor Trelawney? ks0hs8g], 
Unique-Coconut7212, t2_svto9zbi, t1_ks0cnld, t1_ks04mn8, 02/24/24 20:35, 66, 0, The kicker is that they were packed in almost identical wrapping so she was totally utterly gobsmacked to an even greater degree, 
maggiemoo86, t2_ahvv4a, t1_ks1j4zq, t1_ks0dnhu, 02/24/24 21:11, 65, 0, And of course that first husband was Gilderoy Lockhart., 
Witty_Following_1989, t2_58ggrbh0, t1_ks0dnhu, t1_ks04mn8, 02/25/24 03:23, 36, 0, Gather that whole scene gave her bad flashbacks to to her previous husband running around on her with Helena Bonham Carter although those two are now friendsEdit to add. And the song that she specifically played was heart wrenching I‚Äôve looked at love from both sides now., 
idkidc9876, t2_i7y7qqtv, t1_ks0llhr, t1_ks04mn8, 02/24/24 21:18, 45, 0, This is my favorite breakdown of a movie plot point I‚Äôve ever read, 
CamBearCookie, t2_gc46v, t1_ks0fghb, t1_ks04mn8, 02/24/24 22:15, 25, 0, Alan Rickman and Emma Thompson put some respek on their name., 
madpeachiepie, t2_6e1aumcp, t1_ks05tzt, t1_ks04mn8, 02/24/24 21:31, 20, 0, Hey wasnt it a boxed set though", 
hgielatan, t2_phls8, t1_ks04mn8, t1_ks02544, 02/24/24 20:24, 34, 0, The movie Love ks09nzi ks18ssw ks0lyx8 ks05oat ks1obro ks07sc0 ks0mxtg ks579g6 ks2kwgt ks05h00 ks0t27u ks2sh6f ks3usju ks1nrf6 ks2sm54 ks07k2v ks1nsvu ks0iu5j ks1eyku ks2c5q4 ks42qdr ks20zi7 ks1dp99 ks08ly1 ks22qpx ks1b5nn ks1klxr ks0v4nr ks07slk ks10cai ks1t7o4 ks0yymf ks5e2br ks0gv29 ks1iqhn ks31wfr ks17irk ks47jqe ks1khg6 ks1flkm ks1khjh] Actually...professor snape buys an expensive necklace or bracelet some jewelry for christmas for his AP. his wife nanny mcphee/professor trelawney  comes across it and thinks her tea leaves say its for her and is so excited....then for christmas he gives her a joni mitchell cd**EDIT, 
cherrygoats, t2_wbu83, t1_ks037nq, t1_ks02544, 02/24/24 20:16, 1551, 0, I know what you‚Äôre doing for the next two hours, 
throwRA-nonSeq, t2_mg7yqve3, t1_ks02544, t1_krzuxrn, 02/24/24 20:06, 33, 0, I feel bad for not knowing this reference‚Ä¶? ks02kic ks0ugds ks48b7s ks0uy8q], 
Queen_of_Tudor, t2_50su8lzz, t1_krzuxrn, t1_krzu2ap, 02/24/24 19:59, 211, 0, Love this reference üòÇ ks0rbzh ks2t7if ks01p8k ks1rmw8 ks3tqws ks1f9xx ks12hyv ks01zng ks02h3l], 
Spiritual_Aioli3396, t2_8amp870h, t1_ks07qdc, t1_krzu2ap, 02/24/24 19:11, 876, 0, This is the first thing that came to my mind!! Her opening a Joni Mitchell CD instead of necklace üò≠ damn love actually, 
Princes_Slayer, t2_360atoj0, t1_ks0n9ef, t1_ks08sdy, 02/24/24 20:37, 93, 0, Haha referring to everyone even in other films/real life as their HP character is funny, 
qssung, t2_hqmby, t1_ks0oniu, t1_ks08sdy, 02/24/24 22:27, 50, 0, Elinor Dashwood ended up with John Willoughby ks1rspq ks1yu0o] so she won out in the end., 
Key-Shift5076, t2_917p4fwb, t1_ks0bm6q, t1_ks08sdy, 02/24/24 22:38, 27, 0, Oh grief I hadn‚Äôt put that together. Welp.., 
MyEggDonorIsADramaQ, t2_s2e2kllh, t1_ks08sdy, t1_ks02yxm, 02/24/24 21:04, 23, 0, Especially since Gilderoy Lockhart cheated on her irl with Bellatrix ks11wsk ks0pakm ks2jkqi], 
krisphoto, t2_a8nvu, t1_ks02yxm, t1_krzwd5l, 02/24/24 20:44, 111, 0, Yeah ks2sv74 ks3qlx9] I up voted it but also teared up. No one should be treated like that especially not Emma Thompson., 
maidenmothercrone333, t2_ras4z2ep, t1_krzwd5l, t1_krzu2ap, 02/24/24 20:05, 177, 0, Oh god that reference makes me want to cry for OP.  üòû, 
prjones4, t2_6hkm664y, t1_krzvl3v, t1_krzu2ap, 02/24/24 19:20, 183, 0, Even if it is just so she can continue her emotional education?, 
lynny_lynn, t2_13dpah3r, t1_ks03tev, t1_krzu2ap, 02/24/24 19:15, 92, 0, That scene broke my heart., 
Steve_Rogers_1970, t2_enpdq702, t1_ks04ni3, t1_krzu2ap, 02/24/24 20:10, 46, 0, I cry every time I see that scene., 
Worried_Nothing_4999, t2_d3dsj1qod, t1_ks0834s, t1_krzu2ap, 02/24/24 20:16, 35, 0, No üò≠ That scene makes me cry every time. Her realisation...ugh., 
Wild_Potential3066, t2_6fxbdcwl, t1_ks07lz1, t1_krzu2ap, 02/24/24 20:40, 36, 0, My favorite Christmas movie! ks30710], 
tastysharts, t2_3jjiiwmp, t1_krzy1c1, t1_krzu2ap, 02/24/24 20:36, 29, 0, emotional damage, 
MaybeTaylorSwift572, t2_osbk9gnk1, t1_ks0ktmr, t1_ks01mnm, 02/24/24 19:31, 51, 0, Kids! Kids! A message from your Uncle Billy. Don‚Äôt buy drugs. Become a rock star and they give them to you for free!, 
desolate_cat, t2_o3v765b, t1_ks0spye, t1_ks02hcj, 02/24/24 22:10, 69, 0, Rufus Scrimgeour (Bill Nighy)  of HP singing that one., 
Perrykat12, t2_55o4h9cw, t1_ks02hcj, t1_ks01mnm, 02/24/24 23:09, 27, 0, Christmas is all around me...and so the feeling grows, 
MidnightOwl-8918, t2_rna5kpkn, t1_ks02tpk, t1_ks01mnm, 02/24/24 20:01, 134, 0, Dude this comment is the best iv seen in so long üèÖ absolute gold, 
Finallybanned, t2_lw7r7ah40, t1_ks0ntyv, t1_ks01mnm, 02/24/24 20:04, 48, 0, Ive never enjoyed a string of swear words quite so much as when he messes the next line.\nHere ya go, 
jmcclr, t2_ee3hao2fg, t1_ks01mnm, t1_krzx3iw, 02/24/24 22:32, 16, 0, I felt it in my fingers‚Ä¶and felt it in my toes ks0asp3 ks077he ks05ck3 ks05rmv], 
Prettylynne, t2_bzfok7acu, t1_krzx3iw, t1_krzu2ap, 02/24/24 19:55, 283, 0, I felt that in my gut, 
mamsaurus, t2_2oos8ova, t1_krzyv7p, t1_krzu2ap, 02/24/24 19:25, 83, 0, My thoughts exactly, 
Sptsjunkie, t2_8jy7y, t1_krzu2ap, t1_krzgj9q, 02/24/24 19:37, 12, 0, If you open your present and it‚Äôs a Joni Mitchell CD then he‚Äôs definitely cheating. ks09bxd ks074ci ks0jk4a ks0h2lz krzyfhh ks0f8vt ks1911q ks0xs3l ks1l1vy ks1g2xa ks0wsdu ks0ih6r ks0upet ks030pa ks0n4qp ks05sxq ks0wqn2 ks0g2di ks259md ks1vuli ks1qaxd ks16xqq ks1nzio ks1ad87 ks0rpw6 ks4b3y7 ks1ekoi ks4zxga ks2kufj ks23onm ks0zpd2 ks0gm58 ks05isq ks1zhnl ks0e63p ks18cul ks0gso5 ks2l77v ks2jo18 ks0sfow ks10gha ks6wf45 ks1mq4a ks173z7 ks1vjuw ks2cdpd ks001dk ks1nug6 ks2y50e ks0x4ju], 
observer46064, t2_w9v4e0kj, t1_ks23rpz, t1_ks17oi8, 02/24/24 19:37, 6891, 0, Or click on wrong size which has happened to me before., 
sowhatbluebarry, t2_z9nco, t1_ks17oi8, t1_ks019g7, 02/25/24 07:24, 13, 0, IÔ∏è agree with this. IÔ∏è truly hope he gives it to you and was mistakenly given the wrong size., 
Hayek_School, t2_qm7em90l, t1_ks019g7, t1_krzut15, 02/25/24 01:18, 18, 0, Agree.  To be honest I dont know the answer to this. I do know this guy would be the worst cheater in the history of the world if that is for an AP.  Shared CC and sent to his house? I just hope there is a satisfactory answer for OPs sake.", 
Strick1600, t2_9k7bj, t1_ks01nnw, t1_krzy1os, 02/24/24 19:53, 213, 0, Honestly ks0c0kd ks0phnt] if her vibes are off which they likely will be considering her head space. He might just bail on the giving her the sexy gift thing because he‚Äôs not feeling the flirty vibes. I know I‚Äôve bailed on giving my wife gifts like that because I came home and her mood was off from something that happened at work and it didn‚Äôt feel right., 
Logical_Bobcat9703, t2_pjb6fh3qi, t1_krzy1os, t1_krzxbev, 02/24/24 19:56, 84, 0, Yeah. If she‚Äôs looking at the finances there has to be more evidence than just lingerie. Maybe check a laptop search history or something. It‚Äôs just too easy to explain away lingerie. Then she‚Äôs no more sure than she is now., 
Strick1600, t2_9k7bj, t1_krzxbev, t1_krzut15, 02/24/24 19:31, 138, 0, What if he notices it‚Äôs the wrong size ks0kqoy ks1nqe6] returns it? Or just puts it somewhere in the car hoping to return it sometime later and this shit stews. Just talk to the guy., 
Logical_Bobcat9703, t2_pjb6fh3qi, t1_krzut15, t1_krzgj9q, 02/24/24 19:27, 175, 0, This is exactly what I was going to say. If he doesn‚Äôt give it to her in a few days ks0jwak ks02luw ks1448n ks0v6fp ks0jzj3 ks1197m ks15b7f ks2uz8o ks5cuii] confront him. Otherwise he can say it‚Äôs for her. But it is kind of dumb getting lingerie for another woman delivered to your house. Seems risky. Why not deliver to the other woman‚Äôs house? Unless she‚Äôs married too. Idk, 
anadultSusie, t2_9nvq7z6m, t1_krzranv, t1_krzgj9q, 02/24/24 18:46, 520, 0, Id also say to take screenshots of everything. krzufsd], 
loveofhorses_8616, t2_t8gudph64, t1_ks0fa5b, t1_krzulqp, 02/24/24 18:46, 405, 0, I agree. A few days are not enough to verify that he didnt give it to you or that he didnt return/exchange it (credit back to card). I suggest waiting a while paying attention to his whereabouts when he has no idea you have a suspicion.  If you ask him too early you may always wonder if his answer was true. If you wait it out longer. Then you know. I would say at least a month.", 
MetastableCarbon, t2_93jk3je6, t1_ks15rzm, t1_krzulqp, 02/24/24 21:30, 126, 0, Give rope observe and most importantly keep us updated , 
Misa7_2006, t2_gkxbf7hnl, t1_ks0ce52, t1_krzulqp, 02/25/24 00:59, 35, 0, Yep hell either hang or make a swing out of it., 
Puzzleheaded-Ad7606, t2_7vnobc6g, t1_krzulqp, t1_krzgj9q, 02/24/24 21:09, 17, 0, Give rope ks1gl3c] and observe., 
No_Stairway_Denied, t2_88vjt, t1_krzyn12, t1_krzsv4g, 02/24/24 21:09, 293, 0, It could be...I believe in giving OPs partner the benefit of the doubt but she should watch. It sounds like she is doing exactly that.", 
cheri3757, t2_cvbc5, t1_krzwe82, t1_krzunrr, 02/24/24 19:35, 59, 0, That happened to my wife as well with Tomboy. It was a major sale amd she wound up with bras that would more than likely fit our 4 year old grandaughter than her. I was ordering some workout bras from tomboy X and they were having a sale. I was searching for 2X but as I jumped around from pattern to pattern if the pattern I was looking for didn\t have my size it would jump to the next lower size that was available. I don\t think that this was done with bad intentions. I think it has to do with the way the site was programmed to keep people from clicking on an out of stock size.. But what ended up happening is I "saw" that the patterns I wanted were available didn\t check the size and ended up ordering something in size XXS. Needless to say it didn\t fit., 
mommyaiai, t2_hhp74, t1_ks03d4b, t1_krzunrr, 02/24/24 19:21, 73, 0, Hell Ive bought a pack of shirts at Costco. They looked totally sealed and said XL. When I opened them up they were all XS. Weird clothing stuff happens. And that was a completely in person transaction. Add in a funky sizing chart and OPs husband may have just bought the wrong size.", 
Aquilleia, t2_4b5j4ehv, t1_krzvp10, t1_krzunrr, 02/24/24 20:07, 37, 0, I literally did the same thing recently. Added items to my cart from a wishlist ks2of24] didn‚Äôt realize it automatically added the lowest size and not what I had saved. Didn‚Äôt notice it until I was looking at my confirmation email. Messaged the company and they told me they couldn‚Äôt swap it so I‚Äôd have to wait for it to get delivered to them exchange it. Annoying AF but it totally happens., 
TychaBrahe, t2_70i3r, t1_krzunrr, t1_krzsv4g, 02/24/24 19:16, 61, 0, I literally did the same thing recently. Added items to my cart from a wishlist ks0puo9 ks0dqgc ks15doh krzx9ix ks12896 ks1316x ks128hc] author_cakeday, 
LividKnowledge8821, t2_9y1atw9a, t1_krzsv4g, t1_krzgj9q, 02/24/24 19:09, 178, 0, Could it have been ordered correctly and just gotten the wrong size delivered... As in a mistake? ks0bhzp ks0cwov ks0ccml ks0pl79 ks08q1x krzwj9u ks1obom ks14rnn ks10tmh ks15b81 ks0x3u1 ks3gsea ks061xu ks0qxsg ks2s5y9 ks3k3dm krzxfdi ks00ji0 ks0b0g9], 
JobobTexan, t2_ksw0f7gwa, t1_krzgj9q, t3_1az7ev3, 02/24/24 17:36, 186, 0, Give it a few days. If he doesnt surprise you with it then start questioning him krzrmz5 krzzgdb ks0x18s ks1025d ks1xuja ks07cvs ks0005s ks11a2d ks15zer ks1qpb2 ks2r01f ks4mdmq ks17f1s ks073ds ks054ni ks1wk63 ks2tzfr ks6dm6q ks2scgu ks1yzt2 krzxqtx ks0va3a krzz1oa ks0grqv ks0w6lx ks1js6r ks0w1uu ks56nux ks605ka ks20pij ks0omnt ks0n6su ks2u0co], 
absurdititties, t2_18ifp65w, t1_ks0x1w9, t1_krzkh0k, 02/24/24 23:44, 9122, 0, Yes wait! My ex was cheating on me with a ‚Äòfriend‚Äô of ours and I‚Äôd suspected it we were going to visit their new place and I‚Äôd been there before and he supposedly hadn‚Äôt but seemed to know exactly how to get there. Once I realized it I blurted out how did he know where to go? He claimed I had told him previously and then the rest of the drive made a big deal of constantly asking me where to turn. smdh if I‚Äôd waited maybe I wouldn‚Äôt have wasted 6 more months of my life., 
elephhantine, t2_hnflr4i75, t1_ks0ejhf, t1_ks0b2mg, 02/24/24 23:44, 196, 0, Sounds like a healthy and secure relationship, 
devils_advocate24, t2_712hwnae, t1_ks0b2mg, t1_ks05lzf, 02/24/24 21:25, 17, 0, This doesnt sound like an issue with this couple but TBH it would be less of a hassle to not tell my wife about it lol. I told her I was going to *the large outdoor mall* to look at some things *the day before her birthday*(because I cant leave gifts hidden around the house and if she knows it exists she wont stop pestering me until she gets it so I cant buy anything early) and on the way over there she asks if Im going to have an affair because she knows I hate going to this mall and cant figure out why I would go thereü•≤", 
MegaMcGillicuddy, t2_uto6f51p, t1_ks05lzf, t1_ks04od2, 02/24/24 21:00, 11, 0, He would have told her that ks0b63t ks22zb5 ks063jp ks3q2sb ks1jslh ks2vz4m ks2luyb] Im sure", 
False-Pie8581, t2_u59s24ksr, t1_ks09wwn, t1_ks08mek, 02/24/24 20:23, 516, 0, EwwwwüòÇ, 
gathermewool, t2_e4disbuf, t1_ks0vuyp, t1_ks08mek, 02/24/24 20:52, 85, 0, Thanks for the laugh! Please take my upvote you disgusting bastard! üòÇ, 
Intimacy4u, t2_sgvsktvt, t1_ks08mek, t1_ks05s0l, 02/24/24 23:34, 24, 0, This true‚Ä¶ could it be a mother days gift.. ü´£ ks1g43h ks1f43t ks1k4fb], 
False-Pie8581, t2_u59s24ksr, t1_ks05s0l, t1_ks04od2, 02/24/24 20:43, 165, 0, No man would ask another man to order underwear for his wife.  That‚Äôs something a man would know would blow up the friends marriage ks16ofn ks0zsus ks0sjpv ks0zy0l ks0qisg ks1b4lo ks1zv29 ks4apee ks0cuor ks0xult ks2710y ks35asw ks2d5pd ks12c62 ks2dv95 ks3yz8i ks3f4dm ks3zjcn ks3hxfv ks1bpwi ks198jv ks0dhgb], 
Own-Scene-7319, t2_gk9n86pj, t1_ks05p40, t1_ks04od2, 02/24/24 20:24, 799, 0, Or his friends mistress?, 
JBaecker, t2_eej9c, t1_ks04od2, t1_krzkh0k, 02/24/24 20:23, 35, 0, I‚Äôm wondering if he is helping a friend out. I‚Äôve been fairly creative over the years with hiding gifts for my wife and their charges. Is it possible that he bought this for a buddy ks0ubsx ks0gato ks05pan ks0ymwl ks10kku ks1ezt0 ks1kcaq ks1441r ks05smz ks1b92v ks3qwhk ks0g67x ks0xbiq ks3f1xf ks2qm2b ks2vk85 ks3d018 ks10bxi ks1x1yj ks0sljv] who will pay hubby back and then give it to his wife? It seems a bit sus but if he‚Äôs helpful could he be helping a friend out?, 
SeeKaleidoscope, t2_ffmjz8x3, t1_krzkh0k, t3_1az7ev3, 02/24/24 18:01, 859, 0, As hard as it is you HAVE to wait. If you ask he will just say it is for you.\xa0Update this please\xa0 ks0x7d9 ks0csk9 ks0savb ks3ajok ks35pls ks0w2hx ks3fql8 ks32p6r ks3d4oy ks0o0s9 ks34bqi], 
NoSignSaysNo, t2_ot5ym0oxc, t1_ks18i82, t1_ks088l6, 02/24/24 18:01, 5267, 0, Very very few states have adultery clauses on the books. ks4hlww], 
lemaquilleur, t2_bgen4yjm, t1_ks088l6, t1_krznczv, 02/25/24 01:26, 57, 0, Also ks26yto] take pics of all of this in case it goes south and there is divorce on the line., 
Corgi_Infamous, t2_5t47e3mt, t1_ks0q1pv, t1_ks0pez3, 02/25/24 01:26, 513, 0, Oh my god. Revolutionary., 
Theyreaband, t2_uju0p49wr, t1_ks0pez3, t1_ks0bgze, 02/24/24 22:48, 49, 0, Then just wear two duh\xa0, 
Corgi_Infamous, t2_5t47e3mt, t1_ks0bgze, t1_ks00yw5, 02/24/24 22:44, 106, 0, 100%. I can wear a large shirt ks0tpqb ks0x1a4 ks231ql ks0iy4h] but a large lingerie-type top will barely fit one of my tits. It‚Äôs so easy to fuck up. Even brand to brand is messed up., 
UnemployedAtype, t2_tib1n, t1_ks0fvkc, t1_ks0dty6, 02/24/24 21:03, 236, 0, I did that and holy good god it was one of the sexiest decisions we ever made.So we made it a couple more times.It was also fun to do together too. ks0sma2], 
itsameMariowski, t2_7msmhz8l, t1_ks0dty6, t1_ks00yw5, 02/24/24 21:34, 64, 0, Yep. Last time I gave up surprising my gf and simply took her with me to the store and had her choose one with me (like I would approve or not).  \n  \nShe loved it. It was still a gift something I cared about but it released a bit of the pressure for her and for me., 
UnemployedAtype, t2_tib1n, t1_ks00yw5, t1_krznczv, 02/24/24 21:20, 103, 0, Buying lingerie is NOT like buying clothes.Ive totally nailed it and totally messed it up. Just because someone can do one doesnt mean that they can do the other. ks0r4s5 ks0hbe8 ks2af6c ks11190 ks0mag2 ks0o4jq ks15em6 ks0svnr ks3764i ks1jvn4 ks19vph ks3kvxi ks3axsf ks0xazr ks0ixe3], 
Corgi_Infamous, t2_5t47e3mt, t1_ks0bcrh, t1_ks0alfr, 02/24/24 21:20, 506, 0, Okay well this is just the best case scenario. Especially if it‚Äôs a weiner dog. ks1hxs3 ks2j80o], 
MissEllieJ, t2_ev8izu8t, t1_ks0alfr, t1_ks0746b, 02/24/24 21:02, 65, 0, Or the family dog, 
khajitnopets, t2_u9lnxotgq, t1_ks0746b, t1_krznczv, 02/24/24 20:57, 40, 0, Or a slightly less worse scenario ks0nhm1 ks0hwkj ks0e9pn ks1h1i2 ks1k268] the husband is buying it for him self to wear, 
Lucyanova17, t2_fazf4oww, t1_krznczv, t3_1az7ev3, 02/24/24 18:20, 91, 0, Do NOT confront himBest case scenario ks0e5o4 ks182r5 ks1gxbn ks10kwo ks3i2jz ks3q0ic ks12gf2 ks19fvs ks0ysgu ks4ovmd ks2xfl9 ks3n3iq ks0xjs6 ks0ggtp ks37bez ks12km9 ks26zan ks0m94j ks1b0vh ks2izk6 ks19n1f ks4clnh]you alert him to the fact that you suspect himand he will be more careful to conceal himself and you wont have the physical evidence you might need later for a divorce caseWatch and see what he is up too.Look for other classic signs of cheating.If he turns out to be in the cleardont tell him that you thought he was cheating either", 
gztozfbfjij, t2_p6spfb1p, t1_ks1secs, t1_ks011tl, 02/25/24 05:14, 2749, 0, Can confirm.I\m either a perfectionist who doesn\t even start the task until every single meticulously-researched detail is known and can\t be fucked up.Oooorrr...I am a perfectionist who was too lazy to even think about the task at hand and then I just watch as I auto-pilot through a series of increasingly inconvenient mistakes., 
CrazyStar_, t2_9l38vktz, t1_ks011tl, t1_krzx72c, 02/25/24 05:14, 34, 0, There are loads of ‚Äúperfectionists‚Äù that are fucking idiots tbh. ks3029i], 
allsheknew, t2_h9rolw9, t1_ks0qlx9, t1_krzx72c, 02/24/24 19:52, 248, 0, They can get really sloppy for a side kick though., 
Smovid-19, t2_6fomotmo, t1_krzx72c, t1_krzvd9a, 02/24/24 22:53, 57, 0, Yeah i cant see a perfectionist making this type of blunder. ks18o8m krzz7mo ks40udn], 
opoeto, t2_7z63y7e, t1_krzvd9a, t1_krzl0td, 02/24/24 19:26, 262, 0, The other thing to note is ks03vq7 ks2s8og ks1axwb ks2pwa9 ks0slf8 ks0h9kw ks3ruh1 ks11x17] he did it on a joint account knowing full well you have access to it and was sending it home instead of some secret location.  I wouldn‚Äôt jump into any conclusions and get ahead of myself.  If he real wanted to keep it a secret and knowing how meticulous he is from what you have described from him i would have thought he would have simply used other means to buy stuff and definitely not send it home., 
Dull-Geologist-8204, t2_3ikqgans, t1_ks0ykj1, t1_ks0h7nd, 02/24/24 19:14, 515, 0, My mom was finishing up.doing taxes while in labor with my sister. Lol, 
Stevie-Rae-5, t2_k4pm5aagb, t1_ks0h7nd, t1_ks0ddwb, 02/24/24 21:44, 11, 0, I would guess someone who is in the tax field if in the US. People in the tax area of accounting work like seven days a week this time of year. ks30nag], 
pearls137, t2_9vyvf67i, t1_ks0ddwb, t1_ks0bcnp, 02/24/24 21:44, 60, 0, he‚Äôs really busy this time of year so sounds like its a yearly thing with this statement, 
mistress_alexa, t2_12kq6i, t1_ks0bcnp, t1_krzpsnj, 02/24/24 21:17, 80, 0, He‚Äôs been ‚Äúbusy‚Äù ‚Ä¶ utoh. ks0grcb], 
Narrow_Rooster_8896, t2_t2pw9htf3, t1_krzpsnj, t1_krzl0td, 02/24/24 21:02, 114, 0, >He hasn‚Äôt been spicing things up recently. It‚Äôs pretty much the oppositeNot a good sign tbh. ks0p850 ks3qu1d], 
Uninteresting_Vagina, t2_1t5vtirf, t1_ks05ixe, t1_krzl0td, 02/24/24 18:36, 407, 0, The opposite? So less bedroom activity he\s really busy and he bought something you wouldn\t wear that isn\t in your size that he also thought you wouldn\t see because you don\t open packages or look at the cc bill?Yikes. I\d wait and see where that package ends up. If he never "gives" it to you I think you have your answer., 
bionica, t2_b05zj, t1_krzs2zk, t1_krzl0td, 02/24/24 20:22, 113, 0, Devils advocate on him knowing your size‚Ä¶ in some brands I‚Äôm size X ks06bul ks08vlm ks1gomt ks0pksj ks0gdxw] in other brands I‚Äôm a completely different size. This is why I hesitate to order clothing online., 
Decent-Park-6681, t2_hv2leuerl, t1_krzz0vj, t1_krzx1v9, 02/24/24 18:52, 57, 0, I also choose this womans husbands back door. ks2zl2v ks0kns2], 
Asphalt_Animist, t2_c5iusuda, t1_krzx1v9, t1_krzt0c0, 02/24/24 19:25, 50, 0, More like back*door* medical procedure amiright?, 
OrkK1d, t2_5drrvory, t1_krzwty9, t1_krzt0c0, 02/24/24 19:23, 80, 0, Why so complicated? Backdoor that sucker., 
mommak2011, t2_387agode, t1_krzt0c0, t1_krzpnfd, 02/24/24 19:23, 13, 0, In the husband? I mean I suppose but that feels like some backalley medical procedure shit., 
fetuscarnitas, t2_1r4u3jwj, t1_krztnmg, t1_krzpnfd, 02/24/24 18:58, 120, 0, I vote both., 
No-Question-9032, t2_is70in600, t1_krzpnfd, t1_krzm5ck, 02/24/24 19:02, 19, 0, Why not simply hide an airtag in her husband? Either its for her or its not. Doesnt really matter where it goes, 
rmcspadden, t2_in9lp0v, t1_krzm5ck, t1_krzl0td, 02/24/24 18:35, 107, 0, Is there anyway to hide an air tag or tile in the box? Let‚Äôs get creative and track the box. krzztn5 krzrsz8 ks243ji ks0kwxg], 
ThrowRA-Mud-6680, t2_uw5rjqlvv, t1_krzl0td, t1_krzk3c7, 02/24/24 18:12, 113, 0, Not likely. He‚Äôs bought undergarments for me before and he‚Äôs never been wrong on size.\xa0He hasn‚Äôt been spicing things up recently. It‚Äôs pretty much the opposite but he‚Äôs really busy this time of year.\xa0 krzl531 ks00pbo ks0cu60 ks0gua1 ks09wcr ks05isc krzo133 ks020mq ks0bufv ks0bjg0 ks0t2nt krzwvgh ks0pq03 ks19gt7 ks025co ks1cgsh ks16pca ks2xyw7 ks2vefq ks1whzc ks1sd1q ks2r3ax ks1ah9e ks3ad77 ks35960 ks0wk1m krzyto3 ks1iav8 ks17a0y ks1acmr ks1703e], 
Ancient-Character-12, t2_3qtsq4t3, t1_krzk3c7, t1_krzhqar, 02/24/24 18:05, 429, 0, You mentioned that you never really wear lingerie. Because this is new territory and lingerie fits extra snug - could be just be way off on sizing? Has he been trying to spice things up or anything? üëÄ, 
breezy1028, t2_66xw8ccz, t1_ks0zy8q, t1_krzvwn9, 02/24/24 17:59, 386, 0, This is such a great point! If they have a young adult with access to the cc it absolutely could have been their purchase! ks1qgyy ks2tvi8 ks1r05i], 
purpleleaf7, t2_9hkmvi79c, t1_krzvwn9, t1_krzhqar, 02/25/24 00:08, 14, 0, Hey you mentioned that you have raised 2 kids implying that‚Äôs they are older/teen. If one of them is a girl is it possible that they just went shopping and put it on dad‚Äôs card? I‚Äôm just trying to imagine the most innocent thing that could‚Äôve happened. Especially since you mentioned that it‚Äôs being shipped to the house which is pretty ballsy., 
ThrowRA-Mud-6680, t2_uw5rjqlvv, t1_krzkd6u, t1_krzjxbh, 02/24/24 19:17, 80, 0, I‚Äôm not familiar with it but I did get research. The brand is expensive and they have measurements from their lingerie. From reviews krzvx2j ks3c6jb ks093gi] it runs true to size., 
Only_Rice_2961, t2_9c132f1c, t1_krzjxbh, t1_krzhqar, 02/24/24 18:00, 103, 0, Is this a company that you‚Äôre familiar with? I‚Äôm just asking because certain companies will run large or small. I‚Äôm also fit but some lingerie companies make it so hard sizing wise!Like honey birdette (idk if I spelled it right) I am an xxsmall in the bottom and the garters. Im a 32 DD but usually I have a get a triple D there. Usually at other places I get a small to a medium bottom. And a medium-large garter.And the sales people always warns ppl about this and my friend who has never worn anything below a med-large in bottoms was a small at HB.So best case it might be this sort of problem where he looked it up and the sizing chart online and bought off those judgements., 
ThrowRA-Mud-6680, t2_uw5rjqlvv, t1_krzhqar, t1_krzh8vu, 02/24/24 17:58, 55, 0, You‚Äôre right krzofit krzj5bb krzu85g krzq3o0 krzydrk krzwe4x krzwsbn krztiqx krzrpud krzph43 krzqtfj ks1f7k9 ks0oj83 ks01f3j ks2zpzd ks0w8zj ks09snx ks34pnr ks1hyww ks0gqw6 ks062z8 ks12x91 ks24ndt ks1rfsr ks4xrez ks3anh6 ks2o9an ks0d2js ks1zfol ks2apbn krzvi08 ks0xgz1 ks1k9hy] I could mess this up by confronting him. I‚Äôm just not good with holding secrets like this.\xa0He‚Äôs never been interested in cross dressing and it would never fit him even if he was. This was meant for someone very petite and thin.\xa0, 
madgirlv6, t2_6rt05geuj, t1_ks02ih3, t1_krzsg20, 02/24/24 17:58, 1042, 0, Check his sent email folder and trash/bin in emails .May give you more, 
hanst3r, t2_4pbvz72h, t1_ks0y1zd, t1_krzyzuz, 02/24/24 20:02, 52, 0, It could be either way. He could be having an affair or he could also be realizing that work had affected their intimacy time. Maybe some lingerie to spice things up to make up for less time together? Since she never wears lingerie and it is (supposedly?) first time buying it it isn‚Äôt any stretch at all for him to have f‚Äôd up sizes given how even regular clothes have different sizes between brands. They have access to each other‚Äôs phones and the item was purchased with a shared account. Doesn‚Äôt seem like there was much effort in hiding anything., 
Heather_Biblow, t2_v6tqp12l, t1_krzyzuz, t1_krzsg20, 02/24/24 23:52, 15, 0, The fact that he‚Äôs been ‚Äúbusy for the past few weeks‚Äù doesn‚Äôt sit right with me in this lingerie order context. Something just isn‚Äôt right. Wait and see what happens after the package gets delivered. I so hope it isn‚Äôt what I think it is. Good luck to you. ks199mz], 
ThrowRA-Mud-6680, t2_uw5rjqlvv, t1_krzsg20, t1_krzrohm, 02/24/24 19:38, 59, 0, We don‚Äôt have a policy or anything we just have access to each other‚Äôs phones and computers and whatnot. I don‚Äôt use it to snoop.Honestly if I wasn‚Äôt looking at our credit card transactions for a different reason I would have never found out.Women find him attractive and he‚Äôs charming enough but he doesn‚Äôt flirt and I‚Äôve always had trust in him. Some of them find him more attractive knowing he‚Äôs married.I would say our intimacy is great. He has been busy for the past few weeks so I‚Äôm waiting for a calmer time. Another commentator asked if he‚Äôs been trying to spice things up and it‚Äôs a no on that front. \xa0 ks0qqrr ks3cc2k ks180yh krzv5yr ks1crdh ks0dz4i], 
Heather_Biblow, t2_v6tqp12l, t1_krzrohm, t1_krzh8vu, 02/24/24 18:54, 83, 0, There‚Äôs a comment below about how a worst-case scenario could also be the mistress buying stuff and sending it to your home on purpose üò¨ How did you have access to his personal email address? Is this the norm ks19375] as you mentioned you shared phones ?\nHow does your husband react to those women you mention are throwing themselves at him? Does he enjoy the attention is he the type who ‚Äúbasks in glory‚Äù? Are you guys ok on the intimacy side? Anything unusual or just out of the ordinary you‚Äôve ever noticed at any particular moment?, 
Ancient-Character-12, t2_3qtsq4t3, t1_krzjphq, t1_krzh8vu, 02/24/24 17:56, 42, 0, I immediately thought she should wait then thought of this exact same scene from Love Actually üíóü§£, 
EstimateExciting3509, t2_iv48ksbu, t1_krzh8vu, t3_1az7ev3, 02/24/24 17:40, 27, 0, I would wait. Honestly. Think of it as a test. Wait a few days after you know it has arrived and ks01gvb krzoq6i krztklv ks0zxui ks0uf6b ks3qp50] if he hasn‚Äôt given it to you as a gift you can confront him.Is he a small man? Would the lingerie fit him? Maybe he bought it for himself?It is a lil sus. But I would say trust your intuition right now and wait and see what he does.Also. I want an update. P.s. if you confront him now he could always lie. That‚Äôs why I say wait and see. It‚Äôs like that movie ‚ÄúLove Actually‚Äù where the wife finds the VERY expensive necklace (that her husband bought his secretary he was sleeping with) in her husbands coat jacket and assumes it is his Christmas gift to her. When she opens her present on Christmas and sees it is a record album she knows that the gift wasn‚Äôt for her and he was cheating. If she had confronted him prior he could have very well just wrapped the necklace up and given it to her as a gift (and bought another for his mistress), 
zippitymoose, t2_smubnu0f, t1_krzi0g0, t1_krzgqau, 02/24/24 17:45, 1489, 0, This. Don‚Äôt blow your cover yet by letting him know you are aware of the purchase. Wait a few days or a week to see what happens. At that point if they aren‚Äôt a gift for you you will have more information and time to decide what to do. If you let him know you know about the purchase now it will be too easy for him to lie and say they are for you (I really hope this isn‚Äôt the case)., 
Atiggerx33, t2_13nx7p, t1_ks1s3xz, t1_krzncqa, 02/24/24 17:45, 178, 0, Unless you have something coming up like an anniversary. Like if your anniversary is in 3 weeks it would be 100% reasonable for him to hide it until then., 
Shiny_Heels1984, t2_t1nv2nd5d, t1_krzncqa, t1_krzh8fb, 02/25/24 05:10, 75, 0, Since you know the store give them a call and ask how long do online orders usually take to be delivered to your home address ( just maybe mention the town) time it with the purchase date and add a couple days extra that‚Äôs how long you have to wait before confronting him if you he doesn‚Äôt give it to you( I hope he does), 
ThrowRA-Mud-6680, t2_uw5rjqlvv, t1_krzh8fb, t1_krzgqau, 02/24/24 18:20, 154, 0, I don‚Äôt know what a reasonable time would be and it would kill me to not know. I‚Äôm not good with keeping secrets. ks0auiv krzonw9 ks01c5t krzknvf ks3bn7m ks09jxx ks3nf5y ks0e1pr ks17oal krzhhya ks0kicj ks4gqwd ks29stp krzvpo9 ks4g449 ks0j0lm ks1juoe ks3qbre ks2xhzd ks3enxk ks0srm2 ks44o4t ks2013r ks0xukg], 
ThatConsideration568, t2_f97dbuo7, t1_krzgqau, t3_1az7ev3, 02/24/24 17:37, 190, 0, Why not wait and see if you get it gifted to you?If you don‚Äôt get it in a reasonable time then you ask him about it., 
joeyjojojoseph, t2_4deh8msg, t1_krzpr67, t1_krzl5pd, 02/24/24 18:36, 407, 0, I think that this is a real possibility as I used to do the same thing with my wife who has a similar body type., 
CeeMomster, t2_v695dwy5, t1_ks0cr05, t1_krzl5pd, 02/24/24 21:12, 182, 0, I was thinking the same thing. Maybe the husband researched the brand and knows is runs large ks14ovo] so he sized down on purpose. What doesn‚Äôt make sense is if it‚Äôs a shared account and it‚Äôs a gift wouldn‚Äôt he worry about her accidentally seeing the purchase? I wonder if it‚Äôs an error or some kind of credit card fraud., 
Rude-Flamingo5420, t2_chhoapwo, t1_krzl5pd, t3_1az7ev3, 02/24/24 18:06, 11, 0, Im a L/XL but also about 6ft tall athletic.\nSo when my partner does buy me the occasional lingerie (once in a blue moon) its always a size M... I think hes more afraid to get me a bigger size and have me offended so he just gets me cute small stuff lol.\xa0 ks0cdp3 ks1ner2 ks2vtpd ks0e557 ks3nm3z ks2obzc ks3nlpu ks4ck4w ks1fvp4 ks5j1oj], 
Sorry-Mountain9922, t2_hvul32ol, t1_krzuwq7, t1_krzkp5o, 02/24/24 19:11, 686, 0, And is he bold enough not hide the order email knowing his wife has access to his phone and email? OP describes him as a perfectionist ks0fg7l ks16ref] so surely he‚Äôd cover his tracks better‚Ä¶, 
createsstuff, t2_oehuz, t1_krzvgc3, t1_krzkp5o, 02/24/24 19:14, 153, 0, Really doesnt sound like it. Sounds like hes got his shit together generally. I really think it could be a gesture to her Because hes so busy this time of year and that could also be why its to small. Buying undergarments generally is way easier then lingerie. Thats much more intimidating and easy to fuck up. ks0xlnr], 
democrat_thanos, t2_1u8vu8j5, t1_ks01qn8, t1_krzkp5o, 02/24/24 19:56, 57, 0, Occams razor.. interesting, 
Valuable_Ant_969, t2_k5tfc36r, t1_krzkp5o, t3_1az7ev3, 02/24/24 18:03, 22, 0, Is he the kind of guy who would make a sexytimes purchase for another woman using shared finances in a way you could easily find out and have it shipped to the house?, 
kyhothead, t2_6dfw38xb, t1_krzxkmn, t1_krzp7p9, 02/24/24 19:28, 284, 0, Had to scroll a bit to find it but knew I wasn‚Äôt the only one who considered this haha., 
JBaecker, t2_eej9c, t1_ks05fpl, t1_krzz292, 02/24/24 19:28, 75, 0, OP has been wondering why hubs is always downstairs in the basement screaming ‚Äúit rubs the lotion on its skin or else it gets the hose again!!!‚Äù And that the water bills are through the roof., 
demonrenegade, t2_qycrdzx, t1_krzz292, t1_krzp7p9, 02/24/24 20:21, 77, 0, How the hell would he manage to hide a sex doll? üòÇ ks07r74 ks2mocu], 
CarnegieFormula, t2_66q648raq, t1_krzp7p9, t3_1az7ev3, 02/24/24 18:32, 47, 0, Sorry for my second comment but maybe it‚Äôs for a sex doll üòÇ ks0jqhm ks4l2bk ks0xd3n ks0sk2m], 
Electronic-Net-3196, t2_eos082rr, t1_krzowra, t3_1az7ev3, 02/24/24 18:30, 202, 0, If he is a perfectionist he probably wouldnt send lingerie for another woman to his own house. That is not something someone who is very into detail would do. There must be another explanation ks3p42l], 
Ok-Cauliflower6214, t2_593lr32y, t1_krzjwn3, t3_1az7ev3, 02/24/24 17:57, 120, 0, I would wait and see what happens when it arrives at the house. And then please post an update!, 
Hikari_Owari, t2_3jnegqz5, t1_krzq4yn, t3_1az7ev3, 02/24/24 18:39, 49, 0, Shared account ks3f2dw ks4s7vs] address and phones...Either the most dumb guy in the planet or made a size mistake., 
RemindMeBot, t2_gbm4p, t1_krzkg2h, t1_krzjfvq, 02/24/24 18:01, 49, 0, I will be messaging you in 7 days on [**2024-03-02 22 krzty74 ks3dggf ks2ze9j ks41fz3 ks0wq3m ks1r7dx krzzo9c ks1hr9p ks1vqk7 ks10phs ks3d3o4 ks0j6dx ks00non ks50a4e ks1a7go ks0ssk8 ks4gnh6 ks1ta0u ks09h52 ks353m7 ks10548 ks3000s ks2y2l0 ks250js ks1v5ku krzwflv ks2tiqf ks10zby ks0uljv ks08ilj ks0f7pf ks0j39f ks106x3 ks3jhtu ks32uk5 ks21bgh], 
chief_keeg, t2_8fl1d9iz, t1_krzjfvq, t3_1az7ev3, 02/24/24 17:54, 47, 0, RemindMe! 1 week ks13w8v ks3hmx0 ks3evmh ks3kfaa ks114bp ks3au8q krzyhem ks2a2zb ks13s00 ks3hei6 ks3hpm8 ks2djzi ks2l1k8 ks0tu6c ks39cq3 ks3wkse ks21vrr krzzxrc ks03kt0 ks219yk ks3ifh9 ks0srtr ks1trt6 ks23vgx ks2x2lf ks3plr8 ks0fwl6 ks1fzbh ks13fg3 ks15grm ks22aa3 ks16akz ks1r6ss ks3fm8u ks0lu6f ks4fl8j ks1tnym ks1lswq ks1m4z4 ks11f2v ks10b3c ks23vsw ks17oas ks01rui ks4dy33 ks25pu8 ks1qugf ks3ham4 ks2q8a0 ks0evrt ks18vsg ks1fjje ks29xeq ks0f647 ks3xx15 ks1vhir ks366ia ks1ixks ks185qc ks1e1o0 ks0buqg ks1tqm9 ks6qzlk ks2aexh ks0ndbs ks11tiu ks0oncn ks3pm9o ks43xq0 ks1dnd6], 
DangerousLettuce1423, t2_ulba2asv, t1_krzv98m, t1_krzibdr, 02/24/24 17:54, 164, 0, Is there anyone in his or your family who may have asked him to buy it and keep hold of it so their recipient doesnt find out till its given to them?, 
purplespaghetty, t2_1v2uuli6, t1_krzlmid, t1_krzibdr, 02/24/24 19:13, 36, 0, I‚Äôd wait. From the way you talk of him it doesn‚Äôt sound like getting lingerie for someone other than either if you is something your husband would mess up on. I read ur other responses and whatever is going on deserves an explanation.. after you‚Äôve given him the opportunity to gift to you. Maybe he‚Äôs testing you? (Messed up for sure) maybe it‚Äôs for a blow-up doll and a new kink maybe that size was on sale and he wants to have it altered for you. Whatever the reason I‚Äôd steer away from jumping to conclusions and be sure to word your questioning in a way that doesn‚Äôt accuse. I am sorry you are going thru this!! How mind-boggling!!! I hope it‚Äôs not the worst but do give him benefit of the doubt. Are you going to be home when it arrives?, 
ThrowRA-Mud-6680, t2_uw5rjqlvv, t1_krzibdr, t1_krzh9yp, 02/24/24 18:09, 38, 0, I checked every possible avenue to see if it could conceivably fit me. It‚Äôs not the smallest or default size but it is very small. The item doesn‚Äôt run large. It‚Äôs very frilly and expensive.My husband is very good with online shipping and he knows what to get me.\xa0I definitely don‚Äôt want to blow up my marriage by accusing him of something he didn‚Äôt don\xa0 ks19pm2 ks04vr5 ks058r5 krzw69w krzt9we ks0g6oe ks0ncgf ks0h26b ks0fc42 ks1iapn ks1aalu ks30e9q ks1eue8 ks4c9xf ks1ld52 ks099qr ks3s5bm ks4733w], 
purplespaghetty, t2_1v2uuli6, t1_krzh9yp, t3_1az7ev3, 02/24/24 17:41, 99, 0, If it‚Äôs shipping to the house why not wait and see if it was surprise? Maybe he mis-clicked the size or reviewers stated that the item runs really large. To me it seems without any further proof I‚Äôd worry that you‚Äôre going to falsely insinuate something without any reason to. If package comes and he doesn‚Äôt give to you ask about the package!! See what his reaction is. Not sure why he wouldn‚Äôt tell you if it was some white elephant gift or be so careless to ship to house. Just a lot here you wouldn‚Äôt want to damage something without more reason to. Definitely fishy but again without more reasoning in an otherwise sound marriage accusing of cheating is kinda a big deal., 
ninjacereal, t2_jkvap, t1_krzxhb3, t1_krzv1j8, 02/24/24 17:41, 85, 0, Go to the store.  Buy that lingerie.  Wear it under your clothes\n Be home sick. When he comes home to get the package say sup.  If he says he had this for you ks25lni ks21rvg ks00pkl] surprise him by unrobing and have fun. If he says just getting this package for work also surprise him by unrobing but do not have fun., 
MommaRedPanda82, t2_tanl26iy, t1_krzv1j8, t1_krzr1fx, 02/24/24 19:28, 152, 0, I think I would be calling out sick the day it is scheduled to be delivered  see how he reacts...., 
curious-schroedinger, t2_cv14518j, t1_krzuzad, t1_krzr1fx, 02/24/24 19:12, 208, 0, With this reply I‚Äôd say, 
KateOtown, t2_dn57eapa, t1_krzugzf, t1_krzr1fx, 02/24/24 19:11, 42, 0, Any way you can get home early and gauge his reaction?, 
Catfish1960, t2_9bcqqm2i9, t1_ks044dx, t1_krzr1fx, 02/24/24 19:08, 20, 0, I would make sure to be home early that day.  Make sure you have copies of the order (use snip or snaggit).  Id also check cell phone records credit cards.", 
ThrowRA-Mud-6680, t2_uw5rjqlvv, t1_krzr1fx, t1_krzpjkb, 02/24/24 20:13, 28, 0, Based on the delivery time ks06e4m ks0h5dz ks0zuod ks2nb4o ks2c800 ks29mmz] I wouldn‚Äôt be there. I‚Äôm out until the mid afternoon.My husband doesn‚Äôt seem anxious but he‚Äôs not the type to lose his cool.\xa0Maybe he clicked the wrong address and actually meant to ship it somewhere else.\xa0Honestly I never would‚Äôve found out if I hadn‚Äôt gone through our transactions. I was trying to cancel a subscription for something else.\xa0, 
KateOtown, t2_dn57eapa, t1_krzpjkb, t1_krzlrk1, 02/24/24 18:45, 133, 0, Hmmm that‚Äôs definitely a bit suspicious. Are you both home/going to be home? Does he seem anxious to get there before you? I know some people have mentioned maybe he clicked the wrong size but is it also possible he clicked the wrong address for delivery? Especially if he paid with ShopPay or PayPal where your information is stored, 
ThrowRA-Mud-6680, t2_uw5rjqlvv, t1_krzlrk1, t1_krzl8rb, 02/24/24 18:35, 63, 0, They‚Äôre not at that age yet. And my husband would notice immediately. One of our kids spent 50 dollars on video game purchases and my husband shut it down before he could even complete the purchase.\xa0 ks0r8gs krzq5dk krzu3g3 ks06nxu ks2ms2o ks0dpgs ks13w3i], 
KateOtown, t2_dn57eapa, t1_krzl8rb, t3_1az7ev3, 02/24/24 18:06, 160, 0, You mentioned having raised children‚Ä¶ is it possible one of them took your husband‚Äôs card and bought it for either themselves or their partner?, 
SerChonk, t2_3vk18kys, t1_ks2nu1z, t1_ks1dyz6, 02/24/24 18:06, 116, 0, Yep. Happened to my husband too. Suddenly he gets an email from Amazon confirming the purchase of like 8 wigs ks339yj] and the weirdest thing is that the scammers even had it shipping to his parents address (it was the default address). The order was easily cancelled but we were still left scratching our heads over how that scam was supposed to work out.", 
Evalori, t2_7a2li1r1, t1_ks1dyz6, t1_ks01x40, 02/25/24 10:02, 12, 0, Yes but with the correct email too?, 
Thistle-Be-Good, t2_l9zaw7b56, t1_ks01x40, t3_1az7ev3, 02/24/24 19:57, 10, 0, Im throwing another less likely but worth considering option...my husband has his credit card compromised and the person bought high end womens wigs with it. If you havent checked into this possibility might be worth a look.", 
asugaraddict, t2_35df6is4, t1_ks0ctb4, t1_krzm1tq, 02/24/24 19:57, 37, 0, Keep the secret. Think of your kids when you have an overwhelming feeling of breaking. Plan for worst case scenario that divorce may come and you need the info to help you. If you break and he is cheating you are setting yourself up for failure and potential detriment to yourself and your kids. Hope this isn‚Äôt the case at all. You got this. Good luck\xa0, 
Slutty_Squirrel, t2_fyzs9, t1_krzwnjo, t1_krzm1tq, 02/24/24 21:12, 18, 0, Suck it up. This isn‚Äôt a game. It‚Äôs your life.Keep your shit together. ks172h1], 
SubstantialYouth9106, t2_l7f8d338h, t1_krzpmqj, t1_krzm1tq, 02/24/24 19:22, 170, 0, You will have to learn to keep it a secret. At this point they either are for you or for someone else. You saying he is a perfectionist and knows your sizes doesnt look too good? You need to wait at least a week. I would start to see if he has another phone look into his computers and check emails search the current phone- look at apps such as Kik Instagram Telegram and Snapchat check bank statements and see if there is any further odd behaviour. Does he go to the gym? Business trips? Significant time away at certain periods? It doesnt help that based on another comment you made your husband is technologically savvy. You dont want to jump to conclusions but you need to be smart enough to start planning your basis for any scenario. You know something is off so you need to follow your gut and INVESTIGATE. You can put an airtag in his car download a GPA/audio app secretively onto his phone and hide the apps in a folder do you know that he doesnt have any other accounts hidden? Maybe look into a PI. All Im saying is you got the lingerie now you need to get into action mode and protection mode for your children and yourself just in case.  You have to be on it!", 
ThrowRA-Mud-6680, t2_uw5rjqlvv, t1_krzm1tq, t1_krzlf5s, 02/24/24 18:35, 39, 0, My birthday is four months away and our anniversary is seven months away. I can‚Äôt think of anything else.\xa0I can‚Äôt keep a secret or things inside of me for the life of me. Honestly keeping this quiet is just stressing me out. I just keep checking the arrival time and seeing if it arrived yet. ks00xo6 ks0nchm ks04wl6 ks0ha9w ks0uf8j krzwi1y ks19ihy ks31ohz ks0x3c7 ks1h9y0 ks1za6w], 
JockoJohnson69, t2_1rrxd2q, t1_krzlf5s, t3_1az7ev3, 02/24/24 18:07, 111, 0, NTA. But wait to ask him. Any special days or events coming up between you two (b-day anniversary)? Just wait til it arrives and give a day or two to see if he gives it to you. I am like you - I suck at keeping secrets and would have to know. Lingerie is just too intimate to buy for a friend so if it‚Äôs not for you I would be suspicious., 
Few_Satisfaction9497, t2_eo0xnn2o0, t1_ks0ejzl, t3_1az7ev3, 02/24/24 21:25, 57, 0, Can someone like my comment so I can come back for an update?? Fingers crossed he got the size wrong! That\s gotta be a horrible wait ks2n5q1 ks3wgx1 ks1rwe8 ks1yva8 ks4o0q6] I can\t imagine., 
Karlismo, t2_p79juu8, t1_ks0ctgo, t3_1az7ev3, 02/24/24 21:12, 60, 0, Comments are too long now. Were all just waiting for an update at this point. üòÇ, 
Key-Shift5076, t2_917p4fwb, t1_ks0co6e, t1_krznfuy, 02/24/24 21:11, 27, 0, I hope it‚Äôs this one üëç, 
sm135727, t2_d72g4xom, t1_krznfuy, t3_1az7ev3, 02/24/24 18:21, 15, 0, If he‚Äôs shipping it to the house and used a payment method you have access to he‚Äôs not hiding anything. It‚Äôs possible he was hoping it would come for Valentine‚Äôs Day. And it‚Äôs late? It‚Äôs also possible he doesn‚Äôt care of if it would be tight on you as he had no intention of it staying on you long. \nIf his bday coming up soon?  Anniversary? ks0iyu3 ks4ci9a ks2kzm3], 
zombiemedic13, t2_osualiptt, t1_ks0dky7, t1_ks0cty8, 02/24/24 18:21, 104, 0, That seems like info that should have been included in the original post. ks46htx], 
babiewabie, t2_3yhg4724, t1_ks0cty8, t1_ks0c1yf, 02/24/24 21:18, 18, 0, OP stated in another comment that seeing the credit card purchase led them to check in his emails where they found the order receipt., 
zombiemedic13, t2_osualiptt, t1_ks0c1yf, t1_krznyrt, 02/24/24 21:13, 30, 0, I‚Äôm also wondering how OP got all that info., 
Competitive_Key_2981, t2_bq2ptkf9, t1_krznyrt, t3_1az7ev3, 02/24/24 18:24, 25, 0, INFO ks1ycxl ks054p3 ks0kiql] what size where it\s shipping and when it\s expected to arrive? None of that is on the bank/credit card statement.Let me suggest a few options other than that your otherwise "perfectionist" husband suddenly forgot that he shouldn\t use his shared credit card to buy his mistress lingerie and have it delivered to your house.1. You have "two beautiful children."  Is one of them of lingerie-buying age?  Did they maybe use his credit card or take advantage of a saved card?\n2. Is it possible your credit card was hacked?  Here\s how it works. Someone gets your credit card number and wants to confirm that it will work.  They find a site and keep submitting orders with each successive card number and billing address they\ve stolen.  When they get a combination that works they know they can charge more to that card later. But they\re not going to put in their *own* shipping address. They just put in the buyer\s.\n3. You seem to have spent a considerable amount of time on the lingerie shop\s website.  Maybe he wants you to get something.  If you really want to get to the bottom of this without accusing him purchase the *exact same thing* but in the right size and surprise him with it one night.  You can pretend you didn\t know about his order *or* you can pretend that it\s the set he ordered and you were so surprised that you just had to put it on.See how he reacts., 
motherandcoder, t2_kdc43eqf, t1_ks18y6q, t1_krzp92a, 02/25/24 01:31, 58, 0, Plot twist it wasn‚Äôt really your grandmother‚Äôs underwear she just couldn‚Äôt deal with the drama, 
Puzzleheaded-Bet1328, t2_8iv0lkoy, t1_krzp92a, t3_1az7ev3, 02/24/24 18:33, 22, 0, Funny story my mom found underwear under their bed that was definitely not hers. She called her mother (my grandma) and was fuming to her about it and how she was gonna kill him if he cheated because the size and style were weird to her.\nTurned out my grandma had been missing them ever since she came to our house to swim in the pool one day and just never thought itd be there of all places üòÖIdk if theres anyone else who would buy that atuff in your family or household but maybe consider it., 
KateOtown, t2_dn57eapa, t1_krzobgt, t1_krzldg7, 02/24/24 18:26, 65, 0, I think OP meant petite as in a generally small build - not necessarily short, 
flindersandtrim, t2_4ddmbble, t1_krzldg7, t3_1az7ev3, 02/24/24 18:07, 39, 0, What kind of cheater buys lingerie on an account their wife can see easily ks0ttgk] then has it sent to their house so their wife can see the package? It makes no sense. Accusing him of cheating instead of just asking about it would be crazy.\xa0\nIm not sure how you could possibly know it was meant for a petite (short) woman underwear does not typically come in petite sizing as an option. I guess it could be a one piece though in which that is an option. If hes choosing petite and youre significantly tall thats a head scratcher.\xa0", 
MyWifeisaTroll, t2_3imb1czo, t1_krzvela, t3_1az7ev3, 02/24/24 19:14, 77, 0, If the lingerie fits ks0wslu] you must acquit!, 
Mrs239, t2_75ymsvwm, t1_krzw4uq, t1_krzhcdx, 02/24/24 19:19, 33, 0, This is what I would do. I wouldnt drive myself crazy like everyone is asking her to. Some are asking her to wait a month! No way could I do that., 
RepresentativePin162, t2_ghoo87v9, t1_ks22box, t1_krzhcdx, 02/25/24 07:10, 38, 0, Right? Idk why all the PI shit everyones suggesting. Most people know their partners behaviours and attitudes pretty well. If it seems odd literally ask about it. Hey husband I was cancelling my subscription and saw this charge to sexy lady undies . Did you make that order? Unless OP has never seen her husband lie ever shell know whats going on by how he reacts., 
Ok-YouGotMe, t2_po0m78vfy, t1_krzhcdx, t3_1az7ev3, 02/24/24 17:41, 9, 0, I\ve (46F) have been married for 25 years to my husband (48M) ks02eei ks1hy0l ks02ib1 ks1t928 krzo3nv ks0cnlg ks023uf ks2a4pw] if he bought lingerie that didn\t seem to fit me I\d ask about it. I wouldn\t be all accusatory but I would ask the question. "Hey I saw a lingerie purchase. Was that you? I don\t think that\s gonna fit me." Just like if he ordered a part for a 2nd Gen Camaro instead of his 1st Gen Camaro in the garage. "Hey what\s with the front valance for a \70 Camaro you ordered that\s not gonna fit. Or were you trying to make your car hideous so you can get gas in peace?"\nMaybe it\s fraud or one of those Chinese scams where they send random stuff instead of what you ordered.\xa0, 
Novel-Discussion9448, t2_dafvga1k, t1_krzzavo, t1_krzy33i, 02/24/24 17:41, 84, 0, Yep. I was here. Lol, 
TheBunk_TB, t2_11ufyc, t1_krzy33i, t1_krzo0yb, 02/24/24 19:40, 18, 0, Bait like dropping a hair clip or a sock in his house to create strife, 
Sparkle_Rocks, t2_togx3xz6, t1_ks0g659, t1_krzo0yb, 02/24/24 21:36, 76, 0, Surely he would have noticed the order confirmation in his email account if someone else used his card and made the order though., 
Novel-Discussion9448, t2_dafvga1k, t1_krzo0yb, t3_1az7ev3, 02/24/24 18:24, 30, 0, This sounds like something a side piece would do. She gets his info. Orders something very sexy that wouldnt fit you. Lets you know he is having an affair without telling you that he is having an affair. You leave. She moves in. Watch out though ks146cw ks0nfkg ks3sz2a] it could be innocent. Still I would want to know if I was the husband. Good luck.", 
PsychologicalSong8, t2_3gkkpbup, t1_krzx5be, t3_1az7ev3, 02/24/24 19:26, 171, 0, If hes cheating ks0tnaq] he really sucks at it.", 
skyelenskye, t2_7kvp3vpb, t1_krzwlaq, t3_1az7ev3, 02/24/24 19:22, 30, 0, Im truly hoping for the best outcome for you \U0001fa77, 
sipstea84, t2_5gwug48v, t1_ks03d1o, t3_1az7ev3, 02/24/24 20:07, 12, 0, NTA. Maybe I just run with a sketchier crowd but if you guys make enough that he thinks pricey lingerie will go unnoticed Id be paying someone to tail him for a few days. Shit I wish I lived near you Id do it for free just to see how this plays out ..", 
PrettyLittleAccident, t2_697b3qz7, t1_krzvrtj, t1_krzvlqo, 02/24/24 20:07, 10, 0, Probably. I want to say most guys don‚Äôt cheat on their wives but I‚Äôve been on Reddit a lot recently‚Ä¶., 
Lil_troublemaker_, t2_evfh2gffw, t1_krzvlqo, t1_krznze9, 02/24/24 19:16, 13, 0, Most guys would probably give thier wives a heads up if they ordered something like that for a friend, 
PrettyLittleAccident, t2_697b3qz7, t1_krznze9, t3_1az7ev3, 02/24/24 18:24, 27, 0, Does he have any bachelor parties coming up? Or weddings or bridal parties? Or could this be a gift he bought for a friend so the friend‚Äôs wife wouldn‚Äôt know about it? There are so many options and no reason to think its cheating. So I don‚Äôt really agree with everyone saying to wait. Unless you have a reason to think he‚Äôs cheating in which case yeah wait. But it‚Äôs not a secret it‚Äôs something you noticed and can ask him about. If you wait it‚Äôs going to drive you insane thinking about it and will hurt you and your relationship. You‚Äôll get your answer and that will be the end of it. You‚Äôre not accusing him of anything you‚Äôre just saying you know that‚Äôs not really me right? Or I saw this purchase what‚Äôs it for? It‚Äôs a very reasonable and expected question for anyone to ask about anything in a healthy relationship", 
hybriddragonfly, t2_t82jq, t1_krzsr57, t3_1az7ev3, 02/24/24 18:56, 20, 0, Honest postThis happened to me\nI had gone to Vegas for Shot Show for work ....bought perfume a Tiffany\s necklace and some panties ....first time I had a fat check after I retired from army so wanted to be spontaneous and splurge in the romance department \nShe loved it we had a great date night and I was rewarded with a great sex nightü§òSo went to mall to buy some bath and body scents for holidays she wanted me to get walked past Fredrick\s of Hollywood and thought why not hit that well again\nIt was purple in window I thought sexy so I grabbed it and some flowers on way home to repeat romance move Last minute I was like she is gonna hate this wasn\t her style bustier (sp) didn\t notice sequins shes not gonna like this I\m an idiot Left in car was gonna take back .....so gave her flowers she likes em went on date night ...stopped to get a few things at Kroger she opens trunk and sees it....instant WTF!!   Accused me of buying for someone else .....was almost in tears then I explained and she realized I wasn\t cheating I was just an idiot and then shifted gears and said why would you buy this it\s something a stripper would wear!Needless to say  I didn\t buy lingerie anymore üòÅ ks3digj], 
Jimbo_Jigs, t2_5j9f3s0h, t1_krzl6i9, t3_1az7ev3, 02/24/24 18:06, 19, 0, UpdateMe! ks2bxr7], 
TinyToodles, t2_i2gpbt8n, t1_ks0bdbp, t3_1az7ev3, 02/24/24 21:02, 9, 0, One of the best pieces of jewellery I own is from a situation like this. My SIL came to live with us after her divorce. She is someone with a fine jewelry collection and likes to go through it every so often. When she did I admired one of the pieces and she said ‚ÄúOh that you can have it I never want to see it again.‚Äù Turns out her husband went on a business trip and brought her back a piece of jewelry for her that she happily accepted. But when she went to empty his suitcase she found this other piece. She knew when she saw the other jewellery that it was meant for his receptionist who my SIL suspected of having an affair with her husband so she approached him and gushed about the other piece as if it was meant for her. He didn‚Äôt have the guts to counter her so she kept the other jewellery and hated it and I innocently became the recipient of the beautiful jewelry the spoils of her husband‚Äôs affair., 
L-EH77, t2_jq91g5ooc, t1_krznl5e, t3_1az7ev3, 02/24/24 18:22, 9, 0, Maybe a friend asked him to pay for it and have it shipped to your house because they wanted to keep it a secret from their partner? Do u have friends that could fit this scenario? That‚Äôs pretty far fetched tho right ks04lql krzvz5i ks05ubk ks198yb], 
