Date,Trends
07-10-2022,"['#CASE143', '#MAXIDENT', 'Draymond', 'Poole', '#NCT127inLA']"
08-10-2022,"['#BTSOnTMA2022', 'jungkook', '#KPWorldTourSingapore', '#BTSOurForeverArtist', '#ExtremeRules']"
09-10-2022,"['Arsenal', '#JapaneseGP', 'Liverpool', '#ExtremeRules', '#HouseOfTheDragon']"
10-10-2022,"['#HouseOfTheDragon', 'Kyiv', '#WorldMentalHealthDay', 'Bleach', 'Columbus']"
11-10-2022,"['#chainsawman', 'MAMAMOO', 'Mbappe', '#PortfolioDay', 'Angela Lansbury']"
12-10-2022,"['#JIMINDAY', 'jungkook', '#chainsawman', '#HappyBirthdayJimin', 'Alex Jones']"
13-10-2022,"['#AMAs', 'Favorite Pop Duo or Group', 'Alex Jones', 'Donald Trump', 'Pelosi']"
14-10-2022,"['Hagrid', 'Pelosi', 'Robbie Coltrane', 'Nicki', 'Latto']"
15-10-2022,"['#YetToComeinBUSAN', 'Run BTS', 'namjoon', 'Walker', 'HOSEOK']"
16-10-2022,"['Madrid', 'Liverpool', 'Arsenal', '#ElClasico', '#HouseOfTheDragon']"
17-10-2022,"['#BallonDor', 'Benzema', '#HouseOfTheDragon', '#ForeverWithBTS', 'seokjin']"
18-10-2022,"['#TheAstronaut', 'The Astronaut', 'Yankees', 'Warriors', 'Broncos']"
19-10-2022,"['#지구에서년지성아환영해', 'Rubio', 'Warriors', 'Silent Hill', 'Lakers']"
20-10-2022,"['Liz Truss', 'Prime Minister', 'Ronaldo', 'Argentina', '#지에서년지성아_환영']"
21-10-2022,"['Taylor', 'Midnights', 'Taylor Swift', 'Spotify', 'Bannon']"
22-10-2022,"['#지구에서년지성아_환영해', 'Taylor Swift', '#MileApoxKPWTManila', '#UFC280', 'Chelsea']"
23-10-2022,"['Kohli', '#INDvPAK', '#HouseoftheDragon', 'Phillies', 'taeyong']"
24-10-2022,"['Happy Diwali', '#HouseoftheDragon', 'Rishi Sunak', 'Leslie Jordan', 'DeSantis']"
25-10-2022,"['WhatsApp', 'The Right', '#지구에서년지성아_환영해', 'Kanye', 'Adidas']"
26-10-2022,"['Fetterman', 'Rihanna', 'Barcelona', '#TEN_Birthday', '#PCAs']"
27-10-2022,"['Elon', 'Elon Musk', 'PayPal', '#PAKvsZIM', '#WakandaForever']"
28-10-2022,"['#TheAstronaut', 'Elon', 'seokjin', 'Rihanna', 'Paul Pelosi']"
29-10-2022,"['Itaewon', 'Chelsea', '#PaulSilva', 'Phillies', 'Liverpool']"
30-10-2022,"['Lula', '#MileApoTaipeiKPWT', 'Brazil', 'Silva', 'Jake Paul']"
31-10-2022,"['Halloween', 'Lula', 'Happy Halloween', 'Brazil', 'Trick or Treat']"
01-11-2022,"['Halloween', 'Takeoff', 'taylor', 'Pharrell', 'Happy Halloween']"
02-11-2022,"['#GenshinImpact', '#marsbahis', 'Nahida', 'Benfica', '#INDvsBAN']"
03-11-2022,"['Imran Khan', 'Kyrie', 'Pique', '#marsbahis', 'Drake']"
04-11-2022,"['Drake', '#MileApoCentralPattana2023', 'Kyrie', 'Oprah', 'Megan']"
05-11-2022,"['Drake', '#TarowithBuild', 'Kyrie', 'Astros', '#WWECrownJewel']"
06-11-2022,"['#지구에서년지성아_환영해', 'Arsenal', 'Astros', 'Swift', 'Chelsea']"
07-11-2022,"['#지구에서년지성아_환영해', 'Liverpool', '#COP27', 'Election Day', '#VoteBlueTomorrow']"
08-11-2022,"['Voting', 'Florida', 'Governor', 'Voted', 'Arizona']"
09-11-2022,"['Florida', 'Senate', 'DeSantis', 'Twitter Blue', 'Pennsylvania']"
10-11-2022,"['#BazaarSGXApo', '#INDvsENG', 'DeSantis', '#T20WorldCup', 'England']"
11-11-2022,"['#PenfoldsxBibleBuild', 'Veterans', 'Batman', 'Veterans Day', 'Kevin Conroy']"
12-11-2022,"['Senate', 'jungkook', 'Arsenal', 'Nevada', '#UFC281']"
13-11-2022,"['Senate', '#UFC281', 'Ronaldo', '#T20WorldCupFinal', 'Pereira']"
14-11-2022,"['Ronaldo', 'Arizona', 'Taylor Swift', 'Kari Lake', 'Katie Hobbs']"
15-11-2022,"['#지구에서년지성아_환영해', 'Grammy', 'Ukraine', 'Poland', 'Russia']"
16-11-2022,"['#지구에서년지성아_환영해', 'jungkook', 'NASA', 'Twitter 2.0', 'T-10']"
17-11-2022,"['#지구에서년지성아_환영해', 'Discord', 'Elon', '#WanDayXMile', 'Tumblr']"
18-11-2022,"['The M', 'Elon', 'Musk', 'Discord', '#RIPTwitter']"
19-11-2022,"['#FIFAWorldCup', '#Dreamers2022', 'Benzema', 'Nike', '#AEWFullGear']"
20-11-2022,"['#AMAs', 'Jungkook', 'Qatar', '#FIFAWorldCup', '#Dreamers2022']"
21-11-2022,"['#AMAs', '#FIFAWorldCup', 'Iran', 'England', '#ENGIRN']"
22-11-2022,"['Argentina', '#FIFAWorldCup', '#GMMTV2023', 'Messi', '#السعوديه_الارجنتين']"
23-11-2022,"['Japan', '#FIFAWorldCup', 'Thanksgiving', 'Germany', 'Canada']"
24-11-2022,"['Thanksgiving', 'Richarlison', 'Neymar', 'Ronaldo', 'Portugal']"
25-11-2022,"['Black Friday', 'Iran', 'England', '#NewCenLadxBibleBuild', 'Chuu']"
26-11-2022,"['Argentina', 'Messi', '#MMA2022', 'De Paul', 'Mbappe']"
27-11-2022,"['#要要搞定幾個', '#MileSendoffFansign', 'Canada', '#要要要搞定個', 'Germany']"
28-11-2022,"['#要要搞定個要', 'Apple', 'Canelo', 'Ghana', 'Ronaldo']"
29-11-2022,"['Apple', '#定要幾個要搞', 'Iran', 'GOT7', '#MAMA2022']"
30-11-2022,"['Spotify', '#SpotifyWrapped', 'Argentina', 'JHOPE', 'Messi']"
01-12-2022,"['Japan', 'Kanye', 'Germany', 'España', 'Lukaku']"
02-12-2022,"['namjoon', 'Kanye', '#IndigoByRM', '#WildFlower', 'Uruguay']"
03-12-2022,"['Hunter Biden', 'Australia', '#BuildXLancome', 'Netherlands', '#HappyBirthdayJin']"
04-12-2022,"['seokjin', 'Mbappe', 'Constitution', 'Senegal', 'Chan']"
05-12-2022,"['Japan', 'Neymar', 'Brazil', 'Constitution', 'Richarlison']"
06-12-2022,"['España', 'Morocco', 'Portugal', 'Ronaldo', 'Spain']"
07-12-2022,"['Peru', 'Pedro Castillo', 'Warnock', 'Walker', 'Perú']"
08-12-2022,"['Griner', 'Russia', '#محسن_شکاری', '#TheGameAwards', 'Marine']"
09-12-2022,"['Argentina', 'Messi', 'Neymar', 'Brazil', '#TheGameAwards']"
10-12-2022,"['Morocco', 'World Cup', 'Ronaldo', 'England', '#FIFAWorldCup']"
11-12-2022,"['#FunFanไปกับD7xMileApo', 'Fauci', 'Musk', 'seokjin', '#UFC282']"
12-12-2022,"['Fauci', 'Elon Musk', '#SafeFlightOurAstronaut', '#搞定要要個阿', '#MajidrezaRahnavard']"
13-12-2022,"['Messi', 'Argentina', '#DMDLINEUP2023', 'seokjin', 'Modric']"
14-12-2022,"['Argentina', '#GQMOTY2022xMileApo', 'Morocco', 'Mbappe', 'Twitch']"
15-12-2022,"['NFTs', 'Digital', 'Superman', '#RMLiveinSeoul', 'Gunna']"
16-12-2022,"['Spaces', 'The FBI', 'Barbie', 'Doxxing', 'Aaron Rupar']"
17-12-2022,"['Elon', 'The FBI', 'Barbie', 'Vikings', 'Doxxing']"
18-12-2022,"['Messi', 'Mbappe', 'Argentina', 'World Cup', '#FIFAWorldCup']"
19-12-2022,"['#MohammadMehdiKarami', 'Twitter CEO', '#MondayMotivation', 'CEO of Twitter', 'Giants']"
20-12-2022,"['McConnell', 'YouTube TV', '#WWERaw', '#TheNameChapter', 'TEMPTATION CONCEPT TEASER']"
21-12-2022,"['Ukraine', 'Zelensky', '#BibleBuildxGangnam嫩白水', 'Putin', '#SKZREPLAY']"
22-12-2022,"['Ukraine', '#BVLGARIxApo', 'Zelensky', 'BVLGARI WITH NATTAWIN', 'Russia']"
23-12-2022,"['Merry Christmas', '#其阿實其點用', 'Tory', 'Happy Holidays', 'Megan']"
24-12-2022,"['Christmas', 'Santa', '#RoyalGrandOpeningFHxMileApo', 'Happy Holidays', 'Tory']"
25-12-2022,"['Christmas', 'Merry Christmas', 'Feliz Navidad', 'Happy Holidays', 'Santa']"
26-12-2022,"['#其阿實其點用', 'Arsenal', 'Boxing Day', '#實其阿點用其實', 'Gakpo']"
27-12-2022,"['#其阿實其點用', '#實其阿點用其實', '#ตัวอย่างนิ่งเฮีย2you', 'George Santos', '#silent再放送プレゼント']"
28-12-2022,"['#實實阿點用其實', '#實其阿點用其實', 'Luka', '#WayV_Phantom', 'Greta']"
29-12-2022,"['Pele', '#實實阿點用其實', '#HappyBirthdayTaehyung', 'Andrew Tate', '#TAEHYUNGDAY']"
30-12-2022,"['Tate', 'Andrew Tate', 'Ronaldo', 'Happy New Year', 'iKON']"
31-12-2022,"['Happy New Year', 'jhope', 'Arsenal', 'Barbara Walters', 'hobi']"
01-01-2023,"['Happy New Year', 'Happy 2023', 'Feliz Año Nuevo', 'hobi', 'Starting 2023']"
02-01-2023,"['Damar Hamlin', '#ShiningStarJISOODay', '#간판올리고_문열어라_지수_생일이다', 'The NFL', 'JISOO']"
03-01-2023,"['Damar Hamlin', 'McCarthy', 'Speaker', 'The NFL', 'Republicans']"
04-01-2023,"['McCarthy', 'Speaker', '#VIBE', 'TAEYANG', 'Jeffries']"
05-01-2023,"['Chelsea', 'Bills', 'William', 'Sinaloa', 'Ovidio']"
06-01-2023,"['Reyes', 'Capitol', 'haechan', 'Gaetz', 'Ashli Babbitt']"
07-01-2023,"['Speaker McCarthy', 'Gaetz', '#LisaThrillsBangkok', '#MohammadMehdiKarami', 'wonwoo']"
08-01-2023,"['Brazil', 'DAYDREAM CONCEPT PHOTO', '#TEMPTATION', 'Chelsea', '#TOMORROW_X_TOGETHER']"
09-01-2023,"['Brazil', 'Lions', '#IRGCterrorists', 'Packers', 'Seahawks']"
10-01-2023,"['#IRGCterrorists', '#GoldenGlobes', 'BLACKPINK', 'Coachella', 'NIGHTMARE CONCEPT PHOTO']"
11-01-2023,"['#iHeartAwards', 'Shakira', '#GoldenGlobes', '#BestMusicVideo', 'All US']"
12-01-2023,"['Shakira', 'Biden', 'Piqué', 'Chelsea', 'Jeff Beck']"
13-01-2023,"['Spotify', 'Taeyang', '#ApoNattawinxDiorTaipei', '#VibeFtJimin', 'Lisa Marie Presley']"
14-01-2023,"['Shakira', 'Biden', 'Spotify', '#MissUniverse2022', 'Venezuela']"
15-01-2023,"['#PradaFW23', '#MissUniverse2022', 'Arsenal', 'Madrid', '#TheIconJENNIEDay']"
16-01-2023,"['Dior', '#TheLastOfUs', 'Dr. King', 'Cowboys', 'Brady']"
17-01-2023,"['The D', 'Cowboys', 'Brady', 'jeonghan', 'Maher']"
18-01-2023,"['#BOC2023Projects', 'seokjin', 'Weverse', 'Casemiro', '#BibleBuild']"
19-01-2023,"['Ronaldo', 'Messi', 'New Zealand', '#MoonlightChicken', 'Trossard']"
20-01-2023,"['#JIMINxDIOR', '#SiamParagonCNY2023xAPO', '#JiminAtDiorFashionShow', '#MOONLIGHTSUNRISE', '#MilexDiorWinter2023']"
21-01-2023,"['#BibleBuildxPastel', 'Eagles', 'Liverpool', 'Giants', 'Chiefs']"
22-01-2023,"['Arsenal', 'Lunar New Year', 'Cowboys', 'Bills', 'Happy Lunar New Year']"
23-01-2023,"['JISOO AT DIOR COUTURE SHOW', 'Cowboys', '#LadyJisooxDiorCoutureSS23', '#TheLastOfUs', 'Lakers']"
24-01-2023,"['Oscar', 'Pence', 'Antifa', '#Oscars2023', 'Cowboys']"
25-01-2023,"['#SUGAxValentino', 'Schiff', 'Meta', '#SUGAxValentinoCouture', 'Rashford']"
26-01-2023,"['Pfizer', 'Spotify', 'Vini', 'Kobe', '#DirectedEvolution']"
27-01-2023,"['You People', '#TOMORROW_X_TOGETHER', '#TEMPTATION', 'Memphis', 'Holocaust']"
28-01-2023,"['You People', '#RoyalRumble', '#BeyourluvexBuild', 'Memphis', 'ALWAYS WITH BUILD']"
29-01-2023,"['-', '-', '-', '-', '-']"
30-01-2023,"['Eagles', 'Chiefs', 'Super Bowl', '#TheLastOfUs', 'Mahomes']"
31-01-2023,"['Chelsea', 'Enzo', '#MileApoInHK', '#BenidormFest2023', 'Batman']"
01-02-2023,"['jungkook', 'Beyoncé', 'Tom Brady', 'New Month', 'TAEKOOK']"
02-02-2023,"['jungkook', 'Twitter API', 'Beyoncé', 'Tom Brady', 'Omar']"
03-02-2023,"['China', 'jungkook', 'The Chinese', 'Chelsea', 'Shoot']"
04-02-2023,"['China', 'The Chinese', 'Shoot', 'Kyrie', 'Liverpool']"
05-02-2023,"['#GRAMMYs', 'taylor', 'Beyoncé', 'Harry Styles', 'Kyrie']"
06-02-2023,"['#GRAMMYs', 'Turkey', 'Grammys', 'Beyoncé', 'taylor']"
07-02-2023,"['Biden', 'Hogwarts Legacy', '#SOTU', 'Lebron', 'State of the Union']"
08-02-2023,"['Biden', 'Lebron', 'SOTU', 'Lakers', '#SOTU']"
09-02-2023,"['hoshi', 'Hybe', 'Lakers', 'Suns', 'The NBA']"
10-02-2023,"['#EasyToLoveROSÉDay', 'DAZZLING ROSÉ TURNS 26', '#AlwaysWithYou', 'WITH BUILD UNTIL THE END', '#ทฤษฎีสีชมพูTheDebutante']"
11-02-2023,"['jungkook', 'Chelsea', 'Canada', 'Arsenal', '#UFC284']"
12-02-2023,"['Rihanna', 'Eagles', 'Chiefs', '#SuperBowl', 'Mahomes']"
13-02-2023,"['Rihanna', ""Valentine's Day"", 'Ohio', 'Eagles', 'Chiefs']"
14-02-2023,"[""Valentine's Day"", 'Valentines Day', 'Happy Love', '#AgustD', 'Bayern']"
15-02-2023,"[""Valentine's Day"", 'Ohio', 'THE SHOW', 'Arsenal', 'East Palestine']"
16-02-2023,"['Barca', 'Rashford', 'namjoon', 'El Paso', 'Xavi']"
17-02-2023,"['hobi', '#APOMeetandGive2023', '#GenshinImpact', 'Fox News', '#jhopeINTHEBOX']"
18-02-2023,"['Arsenal', 'Chelsea', 'Twitter Blue', '#WWEChamber', 'Christian Atsu']"
19-02-2023,"['#WWEChamber', 'Carter', '#FarmhouseShopeexMileApo', 'Jimmy Carter', 'Rashford']"
20-02-2023,"['Ukraine', 'Russia', 'Kyiv', 'Putin', 'McCarthy']"
21-02-2023,"['Liverpool', 'Putin', '#WeAreWithBiu', 'STAND TOGETHER WITH BUILD', '#Jimin_FACE']"
22-02-2023,"['President Trump', 'Trump Water', 'Ash Wednesday', 'Yuta', '#GlobalArtistChart']"
23-02-2023,"['Barcelona', 'Barca', 'Pete', 'Paul Paul', '#MUFC']"
24-02-2023,"['ariana', 'Kaveh', 'Karol G', '#JHOPExLouisVuitton', 'Mnet']"
25-02-2023,"['Lagos', 'Nigeria', 'INEC', '#FERRAGAMOxJENO', '#NigeriaElections2023']"
26-02-2023,"['hobi', 'Jake Paul', 'Manchester United', 'jhope', 'Chelsea']"
27-02-2023,"['Lagos', 'Pokémon', 'Messi', 'FIFA', '#PokemonDay']"
28-02-2023,"['jungkook', '#ApoxDiorAW2023', '#JISOOxDiorAW23', 'JISOO THE FACE OF DIOR', 'Chicago']"
01-03-2023,"['Nigeria', '#BBWomenInMusic', 'Welcome to Twitter', 'Chicago', 'New Month']"
02-03-2023,"['JHOPE', '#BBWomenInMusic', 'Billboard', 'Madrid', 'Tiffany']"
03-03-2023,"['#on_the_street', 'jungkook', 'hobi', 'CPAC', 'hoseok']"
04-03-2023,"['Arsenal', 'CPAC', '#UFC285', 'Ja Morant', 'Bournemouth']"
05-03-2023,"['Liverpool', 'JISOO', '#UFC285', 'Jones', 'Manchester United']"
06-03-2023,"['haechan', 'Chan', '#TheLastOfUs', 'Tucker', 'Capitol']"
07-03-2023,"['Tucker', 'Capitol', '#JENNIExCHANELFW23', 'Chelsea', 'Elon']"
08-03-2023,"['#InternationalWomensDay', 'Tucker', '#IWD2023', '#HappyBirthdaySUGA', 'Happy International']"
09-03-2023,"['Tucker', '#InternationalWomensDay', '#Jimin_FACE', '#HappyBirthdaySUGA', '#Jimin_Hardware_Ver']"
10-03-2023,"['Tucker', 'Mario', '#InternationalWomensDay', 'Silicon Valley Bank', 'Capitol']"
11-03-2023,"['#CUTIEPIECONCERT', 'Venezuela', 'USDC', 'Liverpool', 'Colombia']"
12-03-2023,"['#Oscars', 'wonwoo', 'Ke Huy Quan', 'Michelle Yeoh', 'Brendan Fraser']"
13-03-2023,"['#Oscars', 'Oscar', 'Michelle Yeoh', 'Everything Everywhere', 'Ke Huy Quan']"
14-03-2023,"['jungkook', 'Haaland', 'White Day', 'namjoon', '#SmokeSprite']"
15-03-2023,"['Jets', 'Credit Suisse', 'Aaron Rodgers', 'Drake', '#WorldBaseballClassic']"
16-03-2023,"['#SetMeFreePt2IsComing', 'taylor', 'Arsenal', 'Sporting', 'Virginia']"
17-03-2023,"['#SetMeFree_Pt2', '#Jimin_FACE', 'PARK JIMIN', 'St. Patrick', 'taylor']"
18-03-2023,"['Trump', 'taylor', '#ひろがるホロライブDAY1', 'Venezuela', '#UFC286']"
19-03-2023,"['#ひろがるホロライブDAY2', 'Venezuela', 'Madrid', 'Barca', '#SaudiArabianGP']"
20-03-2023,"['Japan', 'Spring', '#WorldBaseballClassic', '#WBC2023', 'Iraq']"
21-03-2023,"['Trump', 'Japan', '#WorldBaseballClassic', 'Spring', '#WBC2023']"
22-03-2023,"['Japan', 'Ohtani', 'renjun', 'Ramadan Mubarak', 'Trout']"
23-03-2023,"['TikTok', 'jungkook', '$ARB', 'Bayern', 'mnet']"
24-03-2023,"['Like Crazy', '#Jimin_FACE', 'PARK JIMIN', 'Selena', '#OurNeverEndingSKZ']"
25-03-2023,"['Chabelo', 'Waco', 'Mississippi', 'yeonjun', 'John Wick']"
26-03-2023,"['#TheGreatestLalisaDay', 'SAY LALISA DAY', '#락스타_팝스타_라리사_생일날', '#ฟรีนเบคFanBoomD2', 'Texas']"
27-03-2023,"['For You', 'jungkook', 'Nashville', 'Trans', 'Guns']"
28-03-2023,"['For You', 'Nashville', 'Trans', '#JUNGKOOKxCALVINKLEIN', '#MileApoFlyToMumbai']"
29-03-2023,"['Friends', 'Jung', 'Warriors', 'Mouse', '#AEWDynamite']"
30-03-2023,"['Justice', 'Grand Jury', 'Manhattan', '#DiorFall23xMileApo', 'Bragg']"
31-03-2023,"['jisoo', '#TransDayOfVisibility', 'April Fools', 'Bragg', 'Clinton']"
01-04-2023,"['Trump', '#AprilFoolsDay', 'April Fools', 'America', '#Wrestlemania']"
02-04-2023,"['#WrestleMania', 'Night 1', 'Clark', '#AgustD', 'Potter']"
03-04-2023,"['#WrestleMania', 'CONGRATULATIONS JIMIN', '#LikeCrazyNo1Hot100', 'Reese', 'Clark']"
04-04-2023,"['Trump', 'Barbie', 'Bragg', 'Chelsea', 'PEOPLE PT']"
05-04-2023,"['Trump', 'Barbie', 'Biden', 'America', 'Madrid']"
06-04-2023,"['Tennessee', 'Clarence Thomas', 'Mario', 'Supreme Court', '#SUGAxNBA']"
07-04-2023,"['Tennessee', '#SUGA', '#AgustD', '#People_Pt2', 'jungkook']"
08-04-2023,"['Tennessee', 'Easter', 'taylor', 'Good Friday', 'Happy Easter']"
09-04-2023,"['Happy Easter', 'taylor', '#UFC287', 'Adesanya', 'c1y  VBA']"
10-04-2023,"['Easter', 'Happy Easter', '#LegendofSRICHANDxMileApo', 'Louisville', 'c1y VBA']"
11-04-2023,"['#BillboardCorrupt', '#BillboardRacist', 'RESPECT JIMIN', 'RESPECT BTS', 'Bayern']"
12-04-2023,"['Chelsea', 'Lakers', 'Napoli', 'Heat', '#RMACHE']"
13-04-2023,"['#BOYSPLANET', 'Zelda', 'Sevilla', '#TearsoftheKingdom', '#MUFC']"
14-04-2023,"['Ukraine', 'Coachella', 'Nicki', 'Zelda', 'Princess Diana']"
15-04-2023,"['Coachella', 'Chelsea', 'Warriors', 'Brighton', 'Villa']"
16-04-2023,"['BLACKPINK', 'Lisa', 'jennie', 'jisoo', 'Jungkook']"
17-04-2023,"['hobi', 'Disney', 'frank ocean', '#LoveIsBlindLIVE', 'Ralph Yarl']"
18-04-2023,"['hobi', 'Chelsea', 'Fox News', 'Kings', 'Warriors']"
19-04-2023,"['moonbin', 'Astro', '#Haegeum', '#Buildiscomingback', 'Bayern']"
20-04-2023,"['SpaceX', 'Elon', 'Twitter Blue', 'Sevilla', 'keita']"
21-04-2023,"['Eid Mubarak', '#SUGA', '#Haegeum', 'Arsenal', '#AgustD_DDAY']"
22-04-2023,"['Garcia', '#EarthDay', 'Earth Day', '#DavisGarcia', '#LuxiemOutfitRelay']"
23-04-2023,"['blackpink', 'jennie', 'Garcia', 'Ryan', 'jisoo']"
24-04-2023,"['Tucker', 'SEVENTEEN', 'jungkook', 'Fox News', 'Don Lemon']"
25-04-2023,"['Tucker', '#SHOONGxTAEYANGxLISA', 'Joe Biden', 'Lakers', 'Lebron']"
26-04-2023,"['Arsenal', '#TaoKaeNoiGlobalFunFairDay', 'Disney', 'Haaland', '#AgustD_SUGA_Tour']"
27-04-2023,"['#JiminXTiffanyAndCo', 'Jerry Springer', 'Bucks', '#NFLDraft', 'Giannis']"
28-04-2023,"['#NFLDraft', 'Eagles', 'seungkwan', '#AzerbaijanGP', 'Leclerc']"
29-04-2023,"['#NFLDraft', 'Eagles', 'Swift', 'Yuki', 'Lions']"
30-04-2023,"['Warriors', 'Steph', 'Kings', '#AzerbaijanGP', 'Liverpool']"
01-05-2023,"['#MetGala', 'May Day', 'Steph', 'Rihanna', 'New Month']"
02-05-2023,"['#MetGala', 'Chelsea', 'Rihanna', '#WelcomeToMYWorld', 'Harden']"
03-05-2023,"['#NoDynamicPricing', 'Lakers', 'Putin', 'Kremlin', 'jongin']"
04-05-2023,"['jungkook', 'Star Wars', '#MayThe4thBeWithYou', 'Napoli', 'Thomas']"
05-05-2023,"['Thomas', 'namjoon', 'Star Wars', '#MayThe4thBeWithYou', 'Lakers']"
06-05-2023,"['#Coronation', 'Charles', 'taylor', 'Queen', 'Diana']"
07-05-2023,"['Texas', 'Chan', 'Guns', '#WWEBacklash', 'Allen']"
08-05-2023,"['karina', 'New Week', 'Jokic', 'Everton', 'Nashville']"
09-05-2023,"['Pakistan', 'Madrid', 'Imran Khan', '#ImranKhan', 'Real Madrid']"
10-05-2023,"['Trump', 'Pakistan', 'Lucas', 'Beyoncé', 'George Santos']"
11-05-2023,"['Trump', 'President Trump', 'Zelda', '#Eurovision', 'Twitter CEO']"
12-05-2023,"['Zelda', '#TearsOfTheKingdom', 'Elon', 'Tatum', 'Suns']"
13-05-2023,"['Eurovision', '#Eurovision', '#Eurovision2023', 'Lakers', 'Warriors']"
14-05-2023,"[""Mother's Day"", 'KCON', 'Arsenal', 'Moms', 'Mothers Day']"
15-05-2023,"[""Mother's Day"", 'Durham', 'The FBI', 'SUGA', 'Celtics']"
16-05-2023,"['Durham', '#KAZZAWARDS2023', '#主的祈祷', '#ฟรีนเบคxKAZZAWARDS', 'Charlotte']"
17-05-2023,"['Madrid', 'jennie', 'Chan', 'Lakers', 'Jokic']"
18-05-2023,"['Disney', '#SquidGrow', '#Angel_Pt1', 'Lakers', 'Lebron']"
19-05-2023,"['Disney', 'Lakers', 'Lebron', '#StrawberRickyDay', 'Jim Brown']"
20-05-2023,"['#主的祈祷', 'Arsenal', 'c1y VBA', 'Lakers', 'Heat']"
21-05-2023,"['#SRICHANDBetterThanEverEvent', 'Vini', 'Lakers', 'La Liga', '#主的祈祷']"
22-05-2023,"['#DARKBLOOD', '#ENHYPEN', '#BiteMe', '#JENNIEatCANNES', 'Lebron']"
23-05-2023,"['Twitter Spaces', 'Lebron', 'Hyunjin', 'Target', 'Lakers']"
24-05-2023,"['Tina Turner', 'jungkook', 'DeSantis', 'Target', 'Twitter Spaces']"
25-05-2023,"['DeSantis', '$NVDA', 'Barbie', 'Chelsea', 'SHINee']"
26-05-2023,"['lana', ""You're Losing Me"", 'Memorial Day', 'The Wall', 'Durk']"
27-05-2023,"['Target', 'Dortmund', 'DeSantis', 'Barbie', '#MonacoGP']"
28-05-2023,"['Erdogan', '$REAPER', '#MonacoGP', 'Celtics', 'Heat']"
29-05-2023,"['Memorial Day', 'Celtics', 'Succession', 'Chivas', '#IPL2023Final']"
30-05-2023,"['Celtics', 'Finals', 'Take Two', '#2023BTSFESTA', '#BTS10thAnniversary']"
31-05-2023,"['Take Two', 'Sevilla', '#主的祈祷', 'Roma', 'baekhyun']"
01-06-2023,"['Pride', 'Happy Pride', 'Happy Pride Month', 'Game 1', 'Namjoon']"
02-06-2023,"['$SUI', '#StrayKids', '#S_Class', '#스트레이키즈', '$FUR']"
03-06-2023,"['jungkook', 'My Time', 'jaemin', '#BangBangCon2023', 'Man City']"
04-06-2023,"['jungkook', '#BuildThe1stConcert', 'Benzema', 'Zlatan', '#SpanishGP']"
05-06-2023,"['Binance', 'Apple', '#WWDC23', 'taeyong', 'Halsey']"
06-06-2023,"['Coinbase', 'Apple', 'The SEC', 'Twitch', 'Saudi']"
07-06-2023,"['Messi', 'Canada', 'Inter Miami', 'New York', 'Tucker']"
08-06-2023,"['Justice', 'Pence', 'Pat Robertson', '#pressconLLLxBECKY', '#SummerGameFest']"
09-06-2023,"['#TakeTwo', '#DROPS', 'Hillary', 'Jack Smith', 'EXO COMEBACK']"
10-06-2023,"['Trump', 'Biden', '#UCLfinal', 'Champions League', 'Manchester City']"
11-06-2023,"['jungkook', '#EXO_EXIST', '#UFC289', 'Xbox', 'Charles']"
12-06-2023,"['#EXO_EXIST', '#BTS10thAnniversary', '#10yearswithBTS', '#10YearsOfAPOBANGPO', 'Mbappe']"
13-06-2023,"['Nuggets', 'Jokic', 'Denver', '#GuerlainTHxMile', 'Heat']"
14-06-2023,"['#FOMC', 'Schiff', 'hoshi', 'Oakland', 'Suki']"
15-06-2023,"['Schiff', 'Blackrock', 'Black Mirror', '#AEWDynamite', 'Native']"
16-06-2023,"['Stake', 'Kick', 'Gunna', '#ATEEZ_BOUNCY', 'THE LAST TIME']"
17-06-2023,"['bruno mars', 'namjoon', 'Queen', 'Ronaldo', 'One Piece']"
18-06-2023,"[""Father's Day"", 'Daddy', 'Dads', '#Potatoesaregreat', '#CanadianGP']"
19-06-2023,"['Juneteenth', '#DOXcoinPRESALE', '#モニタリング', '#NCTDREAM_Broken_Melodies', 'haechan']"
20-06-2023,"['Hunter', 'Andrew Tate', 'Titanic', 'Hunter Biden', '#DOXcoinPRESALE']"
21-06-2023,"['Elon', 'Mario', 'Durham', 'Schiff', 'Switch']"
22-06-2023,"['OceanGate', 'Titan', 'Schiff', 'Elon', '#Titan']"
23-06-2023,"['Wagner', 'Prigozhin', 'Putin', 'Rostov', 'Business is Business']"
24-06-2023,"['Wagner', 'Russia', 'Putin', 'Prigozhin', 'Ukraine']"
25-06-2023,"['Wagner', 'Putin', 'Russia', 'Ukraine', 'Moscow']"
26-06-2023,"['#BETAwards', 'SHINee', '#ForbiddenDoor', 'New Week', '#BetAwards2023']"
27-06-2023,"['Azuki', '#开云体育', '#LongLiveLoveGALAnight', 'Putin', 'Russia']"
28-06-2023,"['FLOKI', 'Eid Mubarak', 'Grimace', 'Bidenomics', 'Iraq']"
29-06-2023,"['jungkook', 'Affirmative Action', 'Supreme Court', 'Harvard', 'SCOTUS']"
30-06-2023,"['Supreme Court', 'Affirmative Action', 'SCOTUS', '#HearMeOutbyEXO', 'EXO 2ND PRE-RELEASE']"
01-07-2023,"['Elon', 'My Twitter', 'Supreme Court', 'SCOTUS', 'Affirmative Action']"
02-07-2023,"['Elon', '#OPENSEA', 'Supreme Court', '#MITB', 'Tumblr']"
03-07-2023,"['#Arbitrum', 'My Twitter', '#opensea', 'Elon', '#StillWithYou']"
04-07-2023,"['jungkook', 'Happy 4th', 'America', 'Independence Day', 'Happy 4th of July']"
05-07-2023,"['Happy 4th', 'Threads', 'mingyu', 'White House', 'Mount']"
06-07-2023,"['Threads', 'jungkook', 'Meta', '#PLANET', '#JungKook_Seven']"
07-07-2023,"['Taylor', '#SpeakNowTaylorsVersion', 'Taylor Swift', '#DoItLikeThat', '#TOMORROW_X_TOGETHER']"
08-07-2023,"['taylor lautner', '#UFC290', '#Happy10thAnniversaryARMY', '#HappyBirthdayARMY', '#BritishGP']"
09-07-2023,"['#UFC290', 'Izzy', '#PIG2', '#BritishGP', '#Barbie']"
10-07-2023,"['#EXO_CreamSoda', '#EXO_EXIST', '#ZEROBASEONE', '#YOUTHINTHESHADE', '#Barbie']"
11-07-2023,"['#PortfolioDay', '#火狐体育', '#ag真人', '#亚博体育', '#江南体育']"
12-07-2023,"['jungkook', 'The FBI', 'Wray', 'Emmy', 'jennie']"
13-07-2023,"['$XRP', 'Ripple', 'Messi', '#SEVENbyJUNGKOOK', 'Secret Service']"
14-07-2023,"['jungkook', '#JungKookOnGMA', 'sohee', '#Chandrayaan3', 'Tucker']"
15-07-2023,"['Jungkook', 'Ukraine', 'Tucker', 'Pence', 'Declan Rice']"
16-07-2023,"['Alcaraz', '#Wimbledon', 'wonwoo', 'Messi', '#BeckyatUNIQLO23FW']"
17-07-2023,"['Alcaraz', '#Wimbledon', '#NCTDREAM_ISTJ', 'Djokovic', 'jaemin']"
18-07-2023,"['Stationhead', 'Jack Smith', '#InBloom1stWin', '#ZEROBASEONE1stWin', 'ZB1 FIRST WIN']"
19-07-2023,"['WhatsApp', 'Jack Smith', 'iPhone', 'Israel', 'Carlee']"
20-07-2023,"['Barbie', 'Hunter', 'THE SONG', 'Oppenheimer', '#Barbie']"
21-07-2023,"['Tony Bennett', 'Mbappe', 'K-POP', 'Nigeria', '#CreamSoda1stWin']"
22-07-2023,"['Tony Bennett', 'One Piece', 'Butter', 'World Cup', 'Cruz Azul']"
23-07-2023,"['Barbie', 'Twitter X', 'Messi', 'The X', 'Elon']"
24-07-2023,"['Barbie', 'Spotify', 'The X', 'Elon', 'Oppenheimer']"
25-07-2023,"['Barbie', 'The X', 'Elon', '#TwitterX', 'Inoue']"
26-07-2023,"['Barbie', 'Messi', 'Hunter Biden', 'Covid', 'Elon']"
27-07-2023,"['Sinead', 'Hunter Biden', 'Aliens', 'McConnell', 'Mitch McConnell']"
28-07-2023,"['Utopia', 'Travis Scott', 'New World', 'Apple Music', 'MY EYES']"
29-07-2023,"['Travis', 'Suchwita', '#FFXIVFanFest', 'Alito', 'Hojlund']"
30-07-2023,"['My Twitter', 'STAY STAY STAY', 'The X', 'Colombia', 'Twitter is X']"
31-07-2023,"['My Twitter', 'Archer', 'Japan', 'Cardi', '#ITZY_CAKE']"
01-08-2023,"['Jack Smith', 'New Month', 'mingyu', 'Lizzo', 'Pence']"
02-08-2023,"['#バニーの日', 'Jack Smith', 'Pence', 'Lizzo', 'jisoo']"
03-08-2023,"['jisoo', 'Jack Smith', 'Lizzo', 'Germany', 'Fitch']"
04-08-2023,"['Lizzo', 'Pence', '#MultyxFreenBecky', 'Adora', 'Vicky']"
05-08-2023,"['LIKE CRAZY', 'TONY MONTANA', '#ImranKhan', 'Jose', 'Kai Cenat']"
06-08-2023,"['#D_DAY_THE_FINAL_D3', 'Nate', ""A'ja"", 'Rapinoe', 'Karma']"
07-08-2023,"['#7YearsWithBLACKPINK', 'BIGHIT', 'Gear 5', 'Rapinoe', 'England']"
08-08-2023,"['Taco Tuesday', 'Dipplin', 'Wayne Brady', 'Dier', 'Angelos']"
09-08-2023,"['#wednesdaythought', '#NationalBookLoversDay', '#HSMTMTS', 'Doocy', 'Matt Turner']"
10-08-2023,"['APOLOGIZE TO LISA', 'Hawaii', 'Iran', 'Harry Kane', 'Lil Tay']"
11-08-2023,"['Japan', 'Clarence Thomas', '1989 TV', '#1989TaylorsVersion', 'Chutkan']"
12-08-2023,"['Special Counsel', 'Cristiano Ronaldo', 'Colombia', 'Arsenal', 'Maui']"
13-08-2023,"['#深圳外围', 'Milei', 'Argentina', 'Iowa', 'Maui']"
14-08-2023,"['Milei', 'Maui', 'Argentina', 'Hawaii', 'Target']"
15-08-2023,"['The Georgia', 'Georgia', 'Fulton County', 'Indicted', '#モニタリング']"
16-08-2023,"['Maui', 'Ukraine', 'Hawaii', 'Fulton County', 'Fani Willis']"
17-08-2023,"['$BTC', 'Maui', 'Georgia', 'Hawaii', 'Scott Pilgrim']"
18-08-2023,"['Elon', 'Apple', 'Tucker', 'hoshi', 'hobi']"
19-08-2023,"['Elon', 'kcon', 'Bellingham', 'Tucker', 'Mount']"
20-08-2023,"['Chelsea', 'kcon', '#Uranus2324xFreenBecky', 'California', 'namjoon']"
21-08-2023,"['KCON', 'Elon', 'California', 'Chan', 'Mario']"
22-08-2023,"['Elon', 'Mario', 'California', 'Charles', ""Sha'Carri""]"
23-08-2023,"['Putin', 'All Day', 'Tucker', '#Chandrayaan3', 'Vivek']"
24-08-2023,"['Prigozhin', 'Putin', 'Wagner', 'Vivek', 'Tucker']"
25-08-2023,"['Rubiales', 'Drake', 'Bellingham', 'selena', '#BB25']"
26-08-2023,"['Trump', '#NCT_NATION_ToTheWorld', '#SoyRebeldeTour', 'Bob Barker', 'Usyk']"
27-08-2023,"['#AEWAllIn', 'Mysta', '#hololiveSPDAY1', 'Bob Barker', 'Usyk']"
28-08-2023,"['#AEWAllIn', 'Chan', 'Jacksonville', 'Judge Chutkan', 'AR-15']"
29-08-2023,"['Stationhead', 'Jacksonville', 'Becky', 'Sanchez', '#WWERaw']"
30-08-2023,"['namjoon', 'Gabon', 'Hurricane Idalia', '#Idalia', 'Mitch McConnell']"
31-08-2023,"['jungkook', 'Gabon', '#UCLdraw', 'JISOO', 'Bayern']"
01-09-2023,"['Jungkook', 'One Piece', 'Florida', 'McConnell', 'Mitch']"
02-09-2023,"['Chelsea', '#INDvsPAK', 'One Piece', '#BanTheADL', 'Labor Day']"
03-09-2023,"['#WWEPayback', 'Jimmy Buffett', '#ARSMUN', 'Burning Man', 'Nazis']"
04-09-2023,"['Labor Day', 'Burning Man', 'GOT7', 'Nazis', '#AEWAllOut']"
05-09-2023,"['Bharat', 'Labor Day', '#PinkFriday2', 'Nazis', 'Steve Harwell']"
06-09-2023,"['Covid', 'Enrique Tarrio', '#TAROxBecky', '#PEPTJudgement', 'Kylie']"
07-09-2023,"['Covid', 'Claudia', 'Liberty Safe', 'Coco', 'The NFL']"
08-09-2023,"['For Us', 'Neymar', 'Starlink', 'Germany', '#2KDay']"
09-09-2023,"['Morocco', 'Olivia Rodrigo', 'New Mexico', 'Iowa', 'Colorado']"
10-09-2023,"['Eagles', '#INDvsPAK', 'Izzy', 'Vikings', 'Bama']"
11-09-2023,"['namjoon', '#NeverForget', 'Bears', 'Iran', 'felix']"
12-09-2023,"['jungkook', '#VMAs', 'olivia', 'Iran', 'Mohbad']"
13-09-2023,"['jungkook', 'McCarthy', '#PiagetxApo', 'Unity', 'Romney']"
14-09-2023,"['iPhone', 'Apple', 'Switch', 'Unity', 'Hunter Biden']"
15-09-2023,"['Hunter Biden', '#NintendoDirect', 'Libya', 'Romney', 'Roman']"
16-09-2023,"['México', 'Hunter', 'Paxton', 'Viva Mexico', 'Lauren Boebert']"
17-09-2023,"['#モニタリング分析', '#SingaporeGP', 'Lewis', 'Patriots', 'Chargers']"
18-09-2023,"['#モニタリング分析', 'F-35', 'Cuba', 'Russell Brand', 'Giants']"
19-09-2023,"['F-35', 'SEVENTEEN', 'Nintendo', 'Term', 'Chubb']"
20-09-2023,"['Gojo', 'Garland', 'Onana', 'Term', 'Fetterman']"
21-09-2023,"['Garland', 'Onana', 'Zelensky', '#jjk236', '#OccupyJulorbiHouse']"
22-09-2023,"['Ukraine', 'Zelensky', '#乌鲁木齐', 'STILL WITH YOU', 'R I L']"
23-09-2023,"['Ukraine', 'Menendez', '#モニタリング分析', 'Prime', 'Clarence Thomas']"
24-09-2023,"['Ukraine', '#モニタリング分析', 'Prime', '#JapaneseGP', 'Menendez']"
25-09-2023,"['#モニタリング分析', 'Swift', 'Taylor Swift', 'Nazis', 'Usher']"
26-09-2023,"['#モニタリング分析', 'Swift', 'Nazis', 'MILEAPO BA DIOR IN PARIS', 'Target']"
27-09-2023,"['#GuoranjiangziXBUILD', 'Nazis', 'Mar-a-Lago', 'Eric', 'East']"
28-09-2023,"['Mar-a-Lago', 'Blazers', 'namjoon', '#GOPDebate', 'Dana']"
29-09-2023,"['Dianne Feinstein', 'Senate', 'Rest in Peace', 'Sergio Ramos', 'Good Friday']"
30-09-2023,"['Feinstein', 'Elon', '#ZeeNuNewConcertDay1', 'California', 'Tupac']"
01-10-2023,"['Ukraine', 'Bowman', 'Canelo', 'Halloween', 'New Month']"
02-10-2023,"['Ukraine', 'Halloween', 'Edge', '#TwentySixHugsForBangChan', 'Kelce']"
03-10-2023,"['McCarthy', 'Halloween', 'Arsenal', 'jeonghan', '#JungKook_GOLDEN']"
04-10-2023,"['Democrats', 'Chan', 'Jim Jordan', 'Mbappe', 'Dems']"
05-10-2023,"['Decision', 'Speaker Trump', 'Drake', '#NewSiXBecky', 'Treatment']"
06-10-2023,"['Official Twitter', 'JENNIE', 'Uniswap', 'Hillary', 'YOU & ME OUT NOW']"
