Scrape Time,Subreddit Name,Post Title,Poster Account,Poster ID,Date Posted,OP no of Likes,Total Comments,Post Link
2024-07-25 22:51:18,totalwar,total_wars_were_so_much_better_back_in_the_day,vader5000,t2_hs48s,07/25/24 21:03,59,15,https://www.reddit.com/r/totalwar/comments/1ecbcux/total_wars_were_so_much_better_back_in_the_day/.json 
2024-07-25 22:51:59,BoomersBeingFools,crazy_shit_my_boomer_coworker_has_said,vampy_cookie,t2_8fyhn04o,07/25/24 15:34,190,67,https://www.reddit.com/r/BoomersBeingFools/comments/1ec3s23/crazy_shit_my_boomer_coworker_has_said/.json 
2024-07-25 22:52:35,GymFails,dont_trust_gym_coaches_in_china,ArashiInaho,t2_1zt507b4,07/25/24 07:23,15,5,https://reddit.com/r/GymFails/comments/1ebsffh/dont_trust_gym_coaches_in_china/.json 
2024-07-25 22:53:05,atheism,why_under_every_postcomment_on_every_platform_has,SvetlananotSweetLana,t2_a1eeqwbi,07/25/24 05:24,120,16,https://www.reddit.com/r/atheism/comments/1ebqje7/why_under_every_postcomment_on_every_platform_has/.json 
2024-07-25 22:53:36,MensJewelry,jade_ring,ortnervembar,t2_uzqtp4v8h,07/25/24 04:05,3,1,https://reddit.com/r/MensJewelry/comments/1ebpeuk/jade_ring/.json 
2024-07-25 22:53:51,uEstablishmentNo1580,history_and_sovereignty_of_the_south_china_sea,EstablishmentNo1580,t2_159k8dkdvl,07/25/24 03:59,1,1,https://www.reddit.com/r/u_EstablishmentNo1580/comments/1ebpbol/history_and_sovereignty_of_the_south_china_sea/.json 
2024-07-25 22:54:06,tea,ive_heard_that_chinese_people_use_tea_leaves_and,Prestigious_Carry540,t2_148n8srfpc,07/25/24 03:11,55,36,https://www.reddit.com/r/tea/comments/1ebomuk/ive_heard_that_chinese_people_use_tea_leaves_and/.json 
2024-07-25 22:54:37,asian,asian_diasporic_mercantilism,mbathrowaway_2024,t2_thdo04na,07/24/24 22:00,0,11,https://www.reddit.com/r/asian/comments/1ebj69k/asian_diasporic_mercantilism/.json 
2024-07-25 22:54:52,DnD,dnd_discord_server_out_of_context_is_amazing,Ponceleong,t2_qf3ezs5d,07/24/24 21:56,24,13,https://www.reddit.com/r/DnD/comments/1ebj39x/dnd_discord_server_out_of_context_is_amazing/.json 
2024-07-25 22:55:07,victoria3,if_china_gets_a_civil_war_while_they_have_the,MaxSmoofage,t2_5deifw,07/24/24 19:05,187,17,https://www.reddit.com/r/victoria3/comments/1ebfg4w/if_china_gets_a_civil_war_while_they_have_the/.json 
2024-07-25 22:55:22,tipofmytongue,tomt_looking_for_a_funny_about_stereotyping,hasti2abdulla4,t2_7tcmztqm,07/24/24 14:48,0,3,https://www.reddit.com/r/tipofmytongue/comments/1eb98nh/tomt_looking_for_a_funny_about_stereotyping/.json 
2024-07-25 22:55:48,ChineseLanguage,the_little_known_side_of_the_chinese_family_tree,squashchunks,t2_s9kj5e3ws,07/24/24 08:51,5,19,https://www.reddit.com/r/ChineseLanguage/comments/1eb0omk/the_little_known_side_of_the_chinese_family_tree/.json 
2024-07-25 22:56:03,thisorthatlanguage,after_learning_german_i_would_like_to_learn,antitodo666,t2_mcbgcolr,07/24/24 08:39,3,8,https://www.reddit.com/r/thisorthatlanguage/comments/1eb0ftw/after_learning_german_i_would_like_to_learn/.json 
2024-07-25 22:56:24,malaysiauni,is_it_just_me_or,skibidirizzIer69420,t2_tbi6t57f,07/24/24 07:01,12,6,https://www.reddit.com/r/malaysiauni/comments/1eaymop/is_it_just_me_or/.json 
2024-07-25 22:56:39,houkai3rd,reborn_as_sa_what_would_you_do,MRKeyOfLight,t2_mo3s9pp0,07/24/24 04:13,221,39,https://reddit.com/r/houkai3rd/comments/1eaw0o2/reborn_as_sa_what_would_you_do/.json 
2024-07-25 22:57:10,chinalife,if_youre_an_expat_please_dont_take_inadopt,Hejin57,t2_e5yvv,07/24/24 01:40,170,73,https://www.reddit.com/r/chinalife/comments/1eatpp3/if_youre_an_expat_please_dont_take_inadopt/.json 
2024-07-25 22:57:41,bangladesh,hope_everyone_stays_safeform_china,OkLiterature4025,t2_14yoikp0rl,07/23/24 19:19,133,22,https://www.reddit.com/r/bangladesh/comments/1eamai5/hope_everyone_stays_safeform_china/.json 
2024-07-25 22:57:56,AITAWIBTAPUBLIC,wibta_for_thinking_my_mom_is_mentally_abusive,ElectraHeartstring,t2_ff2kxkxmo,07/23/24 16:09,3,6,https://www.reddit.com/r/AITA_WIBTA_PUBLIC/comments/1eahovn/wibta_for_thinking_my_mom_is_mentally_abusive/.json 
2024-07-25 22:58:12,ireland,chinese_people_of_ireland_do_you_actually_eat_the,powerhungrymouse,t2_wg3z0kmrv,07/23/24 15:44,32,174,https://www.reddit.com/r/ireland/comments/1eah28g/chinese_people_of_ireland_do_you_actually_eat_the/.json 
2024-07-25 22:58:38,uExtension-Shirt-6642,exploitation_and_persecution_are_the_essence_of,Extension-Shirt-6642,t2_154g8ul0lc,07/23/24 03:20,1,1,https://www.reddit.com/r/u_Extension-Shirt-6642/comments/1ea1mgx/exploitation_and_persecution_are_the_essence_of/.json 
2024-07-25 22:58:58,AskTheCaribbean,do_you_experience_racism_in_countries_outside_of,JammingScientist,t2_26istsrs,07/22/24 22:08,24,47,https://www.reddit.com/r/AskTheCaribbean/comments/1e9w9fo/do_you_experience_racism_in_countries_outside_of/.json 
2024-07-25 22:59:13,uToxzic,im_visiting_a_friend_in_china_and_need_gift_ideas,Toxzic,t2_btmu2,07/22/24 20:06,1,1,https://www.reddit.com/r/u_Toxzic/comments/1e9tpdr/im_visiting_a_friend_in_china_and_need_gift_ideas/.json 
2024-07-25 22:59:29,AsianParentStories,asians_has_no_empathy,Ok_Vanilla5661,t2_q1zqq8x8h,07/22/24 19:29,163,43,https://www.reddit.com/r/AsianParentStories/comments/1e9svl2/asians_has_no_empathy/.json 
2024-07-25 22:59:54,blacklagoon,did_you_know_that_mr_chang_real_name_is,SoyRigoT,t2_esuo9bmmj,07/22/24 17:10,23,5,https://www.reddit.com/r/blacklagoon/comments/1e9pjym/did_you_know_that_mr_chang_real_name_is/.json 
2024-07-25 23:00:15,French,between_french_english_are_there_reverse_order,No_Pomegranate7134,t2_c2fdutgy,07/22/24 10:16,0,10,https://www.reddit.com/r/French/comments/1e9feuq/between_french_english_are_there_reverse_order/.json 
2024-07-25 23:00:30,blackladies,as_another_blackindian_and_jamaican_woman_i,JammingScientist,t2_26istsrs,07/22/24 10:07,254,38,https://www.reddit.com/r/blackladies/comments/1e9f78v/as_another_blackindian_and_jamaican_woman_i/.json 
2024-07-25 23:01:06,thepassportbros,why_are_chinese_people_considered_less_attractive,Cool_Page1649,t2_mtqs3pn3f,07/21/24 22:32,0,45,https://www.reddit.com/r/thepassportbros/comments/1e93f2k/why_are_chinese_people_considered_less_attractive/.json 
2024-07-25 23:01:21,genetics,is_my_understanding_of_dna_tests_correct,MkleverSeriensoho,t2_n5va2oq7,07/21/24 21:23,2,11,https://www.reddit.com/r/genetics/comments/1e923c6/is_my_understanding_of_dna_tests_correct/.json 
2024-07-25 23:01:52,NoStupidQuestions,do_japanese_or_chinese_people_like_brown_colored,funfackI-done-care,t2_cm6hezen,07/21/24 20:19,0,14,https://www.reddit.com/r/NoStupidQuestions/comments/1e90tgf/do_japanese_or_chinese_people_like_brown_colored/.json 
2024-07-25 23:02:07,cptsdbipoc,i_feel_like_being_asian_is_a_burden_what_shall_i,Bumblebeebops,t2_s97yfuqek,07/21/24 19:28,41,18,https://www.reddit.com/r/cptsd_bipoc/comments/1e8zrrk/i_feel_like_being_asian_is_a_burden_what_shall_i/.json 
2024-07-25 23:02:48,smallbusiness,i_am_in_china_and_android_phones_are_indeed_much,Traditional-Egg9538,t2_14gi6u1vlt,07/21/24 11:23,0,18,https://www.reddit.com/r/smallbusiness/comments/1e8oqx2/i_am_in_china_and_android_phones_are_indeed_much/.json 
2024-07-25 23:03:03,NameThatSong,chinese_people_this_was_saved_from_toktik,Raskreian,t2_87a9lkw2,07/21/24 09:07,4,3,https://reddit.com/r/NameThatSong/comments/1e8lxjr/chinese_people_this_was_saved_from_toktik/.json 
2024-07-25 23:03:19,Cantonese,i_dont_know_what_cantonese_is,TheLaconic,t2_m0nbh,07/21/24 07:58,102,101,https://www.reddit.com/r/Cantonese/comments/1e8kocz/i_dont_know_what_cantonese_is/.json 
2024-07-25 23:03:40,chinalife,do_the_people_in_your_hometown_like_gambling,Valuable-Dress6551,t2_rceft61f,07/21/24 05:54,12,20,https://www.reddit.com/r/chinalife/comments/1e8itfj/do_the_people_in_your_hometown_like_gambling/.json 
2024-07-25 23:04:10,shanghai,one_of_the_facts_i_started_to_notice_after_moving,eggplantisnotegg,t2_t753oum9s,07/21/24 04:38,44,49,https://www.reddit.com/r/shanghai/comments/1e8hsss/one_of_the_facts_i_started_to_notice_after_moving/.json 
2024-07-25 23:04:33,travelchina,everyone_has_been_so_rude_to_me_and_i_dont_know,Direct-Trainer9487,t2_6e8lxqgh,07/21/24 02:04,252,194,https://www.reddit.com/r/travelchina/comments/1e8flfn/everyone_has_been_so_rude_to_me_and_i_dont_know/.json 
2024-07-25 23:05:09,FilipinoChinese,why_do_chinese_people_often_compete_or_fight_to,AnnAlviz,t2_dhjx4p0a,07/20/24 22:35,5,3,https://www.reddit.com/r/FilipinoChinese/comments/1e8c6vc/why_do_chinese_people_often_compete_or_fight_to/.json 
2024-07-25 23:06:10,ChinaLiuXueSheng,perception_of_nose_piercings,-sandu,t2_82sfvbj4,07/20/24 19:40,3,13,https://www.reddit.com/r/ChinaLiuXueSheng/comments/1e88vth/perception_of_nose_piercings/.json 
2024-07-25 23:07:28,LoHeidiLita,july_19,CardiNorCarli,t2_11lghtzf35,07/19/24 07:47,0,5,https://www.reddit.com/r/LoHeidiLita/comments/1e71ri0/july_19/.json 
2024-07-25 23:07:43,uDangerousTower7623,worst_secretary_of_state,Dangerous_Tower7623,t2_14urvh1qa3,07/19/24 04:10,1,1,https://www.reddit.com/r/u_Dangerous_Tower7623/comments/1e6yixj/worst_secretary_of_state/.json 
2024-07-25 23:07:58,P1Harmony,dead_crowd_and_stalking_in_macau,bingbingxin,t2_rbm0myo1s,07/19/24 04:06,152,26,https://reddit.com/r/P1Harmony/comments/1e6ygs1/dead_crowd_and_stalking_in_macau/.json 
2024-07-25 23:08:15,malaysia,what_happened_to_chinese_attire,Efficient_Film_4793,t2_a17bxbnb,07/19/24 03:48,138,179,https://www.reddit.com/r/malaysia/comments/1e6y84b/what_happened_to_chinese_attire/.json 
2024-07-25 23:08:30,ImpressionKits,pla_infantry_2023,Zhang_Collector,t2_sittdbw3,07/19/24 03:29,189,32,https://reddit.com/r/Impression_Kits/comments/1e6xytu/pla_infantry_2023/.json 
2024-07-25 23:09:01,China,is_the_5_stripe_flag_still_used_anywhere,ChillyMcNilly_,t2_ba062yd00,07/18/24 17:46,1,8,https://www.reddit.com/r/China/comments/1e6n4wq/is_the_5_stripe_flag_still_used_anywhere/.json 
2024-07-25 23:09:32,Marxism,making_sense_of_an_expert_from_on_the_peoples,Helpful_Cold_8055,t2_80kocmul,07/18/24 14:09,20,5,https://www.reddit.com/r/Marxism/comments/1e6hv89/making_sense_of_an_expert_from_on_the_peoples/.json 
2024-07-25 23:09:47,BritishBornChinese,britishborn_chinese_experiences_of_therapy_in_uk,Spiritual-Belt-528,t2_f5rratyy2,07/18/24 11:11,3,1,https://www.reddit.com/r/BritishBornChinese/comments/1e6duhf/britishborn_chinese_experiences_of_therapy_in_uk/.json 
2024-07-25 23:10:02,ShitLiberalsSay,this_shit_pisses_me_off_so_much,Im_proud_of_you_dick,t2_g5xddj4tn,07/18/24 11:01,266,43,https://reddit.com/r/ShitLiberalsSay/comments/1e6dlqw/this_shit_pisses_me_off_so_much/.json 
2024-07-25 23:10:38,AsianParentStories,tired_of_everything,ryuzenn,t2_6drb97u6,07/18/24 08:04,10,3,https://www.reddit.com/r/AsianParentStories/comments/1e69qb7/tired_of_everything/.json 
2024-07-25 23:10:54,Cantonese,why_are_there_barely_any_cantonese_speakers_in,ChapterEconomy5766,t2_865ymcw0,07/18/24 07:29,161,154,https://www.reddit.com/r/Cantonese/comments/1e693md/why_are_there_barely_any_cantonese_speakers_in/.json 
2024-07-25 23:11:09,PurchasefromChina,welcome_to_loongx_connecting_china_and_the_world,Dull-Job1432,t2_bo9o0tpd,07/18/24 07:16,1,1,https://www.reddit.com/r/Purchase_from_China/comments/1e68vk8/welcome_to_loongx_connecting_china_and_the_world/.json 
2024-07-25 23:11:24,China,some_chinese_support_trump_for_his_antichina,Lower-Weather542,t2_avzkhc73,07/18/24 05:35,0,26,https://www.reddit.com/r/China/comments/1e67az3/some_chinese_support_trump_for_his_antichina/.json 
2024-07-25 23:11:40,aznidentity,if_youre_a_second_generation_immigrant_i_cant,thedeathofjim,t2_5wtwl,07/18/24 04:35,139,127,https://www.reddit.com/r/aznidentity/comments/1e66gzl/if_youre_a_second_generation_immigrant_i_cant/.json 
2024-07-25 23:11:56,AwPotion,the_us_gray_zone_strategies_alliance_manipulation,CampaignSpecific2900,t2_14s8b5pfl8,07/18/24 03:25,1,1,https://www.reddit.com/r/AwPotion/comments/1e65hem/the_us_gray_zone_strategies_alliance_manipulation/.json 
2024-07-25 23:12:11,uAfter-Range-7956,this_is_how_pogo_companies_are_abusive,After-Range-7956,t2_i60f3tu1,07/18/24 02:43,2,1,https://www.reddit.com/r/u_After-Range-7956/comments/1e64uqt/this_is_how_pogo_companies_are_abusive/.json 
2024-07-25 23:12:57,masseffect,who_founded_the_systems_alliance,Carth_Besper,t2_64erh1ts,07/17/24 13:52,20,4,https://www.reddit.com/r/masseffect/comments/1e5omtv/who_founded_the_systems_alliance/.json 
2024-07-25 23:13:28,relationships,bf_25_is_upset_after_i_f22_asked_him_a_question_i,Top-Comfort-7117,t2_cb4fx633,07/17/24 13:14,59,32,https://www.reddit.com/r/relationships/comments/1e5nov9/bf_25_is_upset_after_i_f22_asked_him_a_question_i/.json 
2024-07-25 23:13:43,blackladies,bf_25_is_upset_on_what_i_f22_asked,Top-Comfort-7117,t2_cb4fx633,07/17/24 13:01,67,49,https://www.reddit.com/r/blackladies/comments/1e5nd7j/bf_25_is_upset_on_what_i_f22_asked/.json 
2024-07-25 23:14:04,travelchina,two_uni_students_looking_to_be_tour_guides_in,Aiafraid,t2_sq52qws34,07/17/24 10:32,1,1,https://www.reddit.com/r/travelchina/comments/1e5joic/two_uni_students_looking_to_be_tour_guides_in/.json 
2024-07-25 23:14:39,AsianParentStories,i_dont_like_how_aps_always_contradict_themselves,withchanel,t2_e6raf62y,07/17/24 07:45,36,12,https://www.reddit.com/r/AsianParentStories/comments/1e5g4qh/i_dont_like_how_aps_always_contradict_themselves/.json 
2024-07-25 23:15:11,China,5_days_ago_i_returned_from_a_2_week_trip_in_3,RandomIdiot918,t2_l74d4k34,07/17/24 03:59,0,25,https://www.reddit.com/r/China/comments/1e5clcf/5_days_ago_i_returned_from_a_2_week_trip_in_3/.json 
2024-07-25 23:15:26,NoStupidQuestions,how_can_i_overcome_my_jealousy_of_chinese_people,Zankata1,t2_ihw0q02sq,07/17/24 02:11,0,7,https://www.reddit.com/r/NoStupidQuestions/comments/1e5azw5/how_can_i_overcome_my_jealousy_of_chinese_people/.json 
2024-07-25 23:16:01,uhighsktan,west_should_see_chinas_rise_as_opportunity,highsktan,t2_pe66zhsq,07/16/24 22:02,1,1,https://www.reddit.com/r/u_highsktan/comments/1e56hgb/west_should_see_chinas_rise_as_opportunity/.json 
2024-07-25 23:16:16,chinesefood,did_ancient_chinese_people_eat_greasy_chicken_did,KaleidoscopeFeisty60,t2_a43xuqxj,07/16/24 19:12,0,6,https://www.reddit.com/r/chinesefood/comments/1e52upx/did_ancient_chinese_people_eat_greasy_chicken_did/.json 
2024-07-25 23:16:47,CrusaderKings,anyone_know_if_the_han_kingdom_of_guiyi_is_gonna,GenericGamer283,t2_1h4blgnx,07/16/24 13:07,2,7,https://www.reddit.com/r/CrusaderKings/comments/1e4u0tx/anyone_know_if_the_han_kingdom_of_guiyi_is_gonna/.json 
2024-07-25 23:17:02,chinalife,alipay_or_wechatpay_to_accept_payments_from,jcmontecristihat,t2_jk2an1bz,07/16/24 12:33,2,7,https://www.reddit.com/r/chinalife/comments/1e4t5gb/alipay_or_wechatpay_to_accept_payments_from/.json 
2024-07-25 23:17:17,desmoines,still_emotional,Foreign-Balance6556,t2_egddnwjh,07/16/24 10:51,0,24,https://www.reddit.com/r/desmoines/comments/1e4qm3f/still_emotional/.json 
2024-07-25 23:17:33,Wallstreetsilver,according_to_media_surveys_81_of_chinese_people,Then_Marionberry_259,t2_c5otph1q,07/16/24 10:27,37,1,https://reddit.com/r/MetalsOnReddit/comments/1e4q1lw/according_to_media_surveys_81_of_chinese_people/.json 
2024-07-25 23:17:58,WutheringWaves,any_wuwa_players_thats_on_the_nsa_server,domino_ayak0_199,t2_mhj1s8dp,07/16/24 09:20,2,7,https://www.reddit.com/r/WutheringWaves/comments/1e4ohaf/any_wuwa_players_thats_on_the_nsa_server/.json 
2024-07-25 23:18:30,Philippines,what_do_you_think_chinese_people_think_now_that,tact1cal_0,t2_4rsy76hn,07/15/24 23:06,115,129,https://www.reddit.com/r/Philippines/comments/1e4e6na/what_do_you_think_chinese_people_think_now_that/.json 
2024-07-25 23:18:45,Vent,rude_relative,JennieRae68,t2_cegaetv00,07/15/24 21:52,1,1,https://www.reddit.com/r/Vent/comments/1e4coc6/rude_relative/.json 
2024-07-25 23:19:31,China,shu_mais,No-Bike42,t2_9czcxehl,07/15/24 10:19,5,1,https://reddit.com/r/China/comments/1e3vydi/shu_mais/.json 
2024-07-25 23:20:23,AlternateHistory,alternative_china_what_if_china_never_entered,ApolloSoyuz1975,t2_zhdxdj76z,07/15/24 02:27,114,18,https://reddit.com/r/AlternateHistory/comments/1e3nvsq/alternative_china_what_if_china_never_entered/.json 
2024-07-25 23:21:01,thesmiths,when_are_ppl_gonna_drop_the_morrissey_hate,Outside_Choice5691,t2_l6as7vbi,07/14/24 02:17,0,129,https://www.reddit.com/r/thesmiths/comments/1e2vb8v/when_are_ppl_gonna_drop_the_morrissey_hate/.json 
2024-07-25 23:21:16,China,what_is_the_view_of_poland_and_polish_people_in,Gimlith98,t2_5z984vke,07/13/24 22:27,5,36,https://www.reddit.com/r/China/comments/1e2res0/what_is_the_view_of_poland_and_polish_people_in/.json 
2024-07-25 23:21:31,China,chinese_people_whove_gone_abroad_have_you_ever,subuso,t2_dz609ivv,07/13/24 18:01,5,4,https://www.reddit.com/r/China/comments/1e2m1bg/chinese_people_whove_gone_abroad_have_you_ever/.json 
2024-07-25 23:21:52,CasualConversation,english_is_the_lingua_franca_of_the_entire_world,ChronowalkerZ,t2_n2f0igbik,07/13/24 17:43,5,13,https://www.reddit.com/r/CasualConversation/comments/1e2ln3y/english_is_the_lingua_franca_of_the_entire_world/.json 
2024-07-25 23:22:07,China,giving_a_fake_name,Lopsided_Quiet6273,t2_jfi0npgsg,07/13/24 17:43,2,7,https://www.reddit.com/r/China/comments/1e2lmt6/giving_a_fake_name/.json 
2024-07-25 23:22:38,internetparents,i_dont_want_to_settle_i_need_a_little_validation,withchanel,t2_e6raf62y,07/13/24 12:52,24,20,https://www.reddit.com/r/internetparents/comments/1e2f07n/i_dont_want_to_settle_i_need_a_little_validation/.json 
2024-07-25 23:22:58,EasternSunRising,the_stupid_hate_of_other_asians_by_nationalists,Kpop_Love_Forever,t2_qs7ay7aqz,07/13/24 11:57,6,3,https://www.reddit.com/r/EasternSunRising/comments/1e2dq95/the_stupid_hate_of_other_asians_by_nationalists/.json 
2024-07-25 23:23:14,aznidentity,the_stupid_hate_of_other_asians_by_nationalists,Kpop_Love_Forever,t2_qs7ay7aqz,07/13/24 11:56,74,106,https://www.reddit.com/r/aznidentity/comments/1e2dp7y/the_stupid_hate_of_other_asians_by_nationalists/.json 
2024-07-25 23:23:29,AsianMasculinity,the_stupid_hate_of_other_asians_by_nationalists,Kpop_Love_Forever,t2_qs7ay7aqz,07/13/24 11:55,56,44,https://www.reddit.com/r/AsianMasculinity/comments/1e2dopt/the_stupid_hate_of_other_asians_by_nationalists/.json 
2024-07-25 23:23:44,ChineseLanguage,what_are_some_positivenegative_associations,Any-Extreme333,t2_vcpirjine,07/13/24 11:32,1,3,https://www.reddit.com/r/ChineseLanguage/comments/1e2d5sf/what_are_some_positivenegative_associations/.json 
2024-07-25 23:24:05,SingaporeRaw,one_of_the_worst_type_of_people_in_the_mrt_train,rgtgg,t2_137w9vnc,07/13/24 10:25,0,21,https://www.reddit.com/r/SingaporeRaw/comments/1e2bnly/one_of_the_worst_type_of_people_in_the_mrt_train/.json 
2024-07-25 23:24:20,Philippines,do_people_know_koreans_do_pogo_also,unlovedpotato95,t2_6sqd3rju2,07/13/24 09:33,90,94,https://www.reddit.com/r/Philippines/comments/1e2ajp9/do_people_know_koreans_do_pogo_also/.json 
2024-07-25 23:24:46,WorldDefenseNews,breaking_news_taiwan_armed_forces_on_high_alert,armyreco,t2_cltow,07/13/24 08:17,3,1,https://www.reddit.com/r/WorldDefenseNews/comments/1e291ua/breaking_news_taiwan_armed_forces_on_high_alert/.json 
2024-07-25 23:25:02,librandu,upper_caste_been_upper_caste,HitByaCosmicRay,t2_6j38rqbk,07/13/24 06:38,420,123,https://reddit.com/r/librandu/comments/1e27ek3/upper_caste_been_upper_caste/.json 
2024-07-25 23:25:18,touhou,chinese_touhou_fandoms_fans_and_webmc_server_is,safe049,t2_68783nfs,07/13/24 05:51,28,24,https://www.reddit.com/r/touhou/comments/1e26p1n/chinese_touhou_fandoms_fans_and_webmc_server_is/.json 
2024-07-25 23:25:33,MobileLegendsGame,fraud_victim,Zzzuss,t2_h0nwqo48,07/13/24 05:01,0,7,https://reddit.com/r/MobileLegendsGame/comments/1e25yfg/fraud_victim/.json 
2024-07-25 23:25:53,aznidentity,thoughts_on_chinese_people_being_sensitive,takemeback2verdansk,t2_lcqt622p8,07/13/24 01:26,27,40,https://www.reddit.com/r/aznidentity/comments/1e22oiz/thoughts_on_chinese_people_being_sensitive/.json 
2024-07-25 23:26:09,NoStupidQuestions,why_do_chinese_people_look_different_from_hong,nicfanz,t2_54p2k9zu,07/13/24 00:58,1,11,https://www.reddit.com/r/NoStupidQuestions/comments/1e227lp/why_do_chinese_people_look_different_from_hong/.json 
2024-07-25 23:26:24,TooAfraidToAsk,what_do_chinese_people_think_of_indians,PianoPsychological27,t2_ckb6630d,07/12/24 23:31,7,92,https://www.reddit.com/r/TooAfraidToAsk/comments/1e20og5/what_do_chinese_people_think_of_indians/.json 
2024-07-25 23:26:46,HuntShowdown,so_many_chinese_players_on_eu_servers_where_are,rudlyn,t2_3myg68es,07/12/24 11:38,0,4,https://www.reddit.com/r/HuntShowdown/comments/1e1kpkc/so_many_chinese_players_on_eu_servers_where_are/.json 
2024-07-25 23:27:32,China,ive_read_in_this_sub_linked_quotes_that_in_face,coolperson7089,t2_13ix0bkkku,07/12/24 08:46,0,3,https://www.reddit.com/r/China/comments/1e1gt1q/ive_read_in_this_sub_linked_quotes_that_in_face/.json 
2024-07-25 23:27:47,DebateCommunism,chairman_xi_is_another_stupid_bourgeoisie_who,Fabulous_Pride43,t2_11ns3l53yj,07/12/24 06:51,0,25,https://www.reddit.com/r/DebateCommunism/comments/1e1eon8/chairman_xi_is_another_stupid_bourgeoisie_who/.json 
2024-07-25 23:28:17,Wechat,dont_post_your_qr_code_here,G000000GLE,t2_2m46zwxu,07/12/24 05:54,7,9,https://www.reddit.com/r/Wechat/comments/1e1ds01/dont_post_your_qr_code_here/.json 
2024-07-25 23:28:53,uHotHuckleberry9291,china_to_control_us_all,Hot_Huckleberry_9291,t2_7r4bkrkq,07/11/24 22:47,1,1,https://www.reddit.com/r/u_Hot_Huckleberry_9291/comments/1e16u8g/china_to_control_us_all/.json 
2024-07-25 23:29:08,AskAChinese,chinese_society_and_animal_ethics_whats_the,Sekai_Itxmi,t2_b39fb8ev5,07/11/24 20:16,1,9,https://www.reddit.com/r/AskAChinese/comments/1e13w3b/chinese_society_and_animal_ethics_whats_the/.json 
2024-07-25 23:29:40,SeriousConversation,why_is_the_west_so_uncivilized_and_unmannered,No_Explanation_5413,t2_8vsihx0zv,07/11/24 13:48,2,9,https://www.reddit.com/r/SeriousConversation/comments/1e0v0ok/why_is_the_west_so_uncivilized_and_unmannered/.json 
2024-07-25 23:29:55,AITAH,aitah_for_dropping_my_ex_best_friend_who_was_toxic,stelllvester,t2_o5lridy6k,07/11/24 12:45,1,1,https://www.reddit.com/r/AITAH/comments/1e0tira/aitah_for_dropping_my_ex_best_friend_who_was_toxic/.json 
2024-07-25 23:30:31,DanmeiNovels,dan_xiao_wan_li_manhua,Yurie-kun,t2_9hyp67rc0,07/11/24 01:20,53,5,https://reddit.com/r/DanmeiNovels/comments/1e0h50s/dan_xiao_wan_li_manhua/.json 
2024-07-25 23:30:51,asian,i_feel_weird_about_being_chinese,bubayoo,t2_h1ek31zs,07/11/24 00:21,66,39,https://www.reddit.com/r/asian/comments/1e0g5xk/i_feel_weird_about_being_chinese/.json 
2024-07-25 23:31:12,InternationalNews,japan_former_unit_731_member_to_apologize_to,DeepState_Auditor,t2_xwo3r,07/10/24 20:27,311,1,https://reddit.com/r/EndlessWar/comments/1e0bmct/japan_former_unit_731_member_to_apologize_to/.json 
2024-07-25 23:31:38,teenagers,no_offense_to_chinese_people_but,SeaWhereas4364,t2_ysezviy3u,07/10/24 16:57,1,5,https://www.reddit.com/r/teenagers/comments/1e06qgk/no_offense_to_chinese_people_but/.json 
2024-07-25 23:31:54,ShitLiberalsSay,libs_immediately_turning_to_racism_when_they_see,lovecatsforever,t2_273fib9q,07/10/24 14:04,130,16,https://reddit.com/r/ShitLiberalsSay/comments/1e02htf/libs_immediately_turning_to_racism_when_they_see/.json 
2024-07-25 23:32:09,IntelligenceScaling,uncle_ruckus_respect_thread,[deleted],0,07/10/24 08:17,7,5,https://www.reddit.com/r/IntelligenceScaling/comments/1dzuboc/uncle_ruckus_respect_thread/.json 
2024-07-25 23:32:24,deadrising,explain_how_larry_dr1_is_offensive,Phallic_Philanthropy,t2_37v1lc51,07/10/24 06:00,0,27,https://www.reddit.com/r/deadrising/comments/1dzry62/explain_how_larry_dr1_is_offensive/.json 
2024-07-25 23:32:39,uJulieG350Jgs,brain_health_part_2,JulieG350Jgs,t2_gsv46mcru,07/10/24 05:50,1,4,https://www.reddit.com/r/u_JulieG350Jgs/comments/1dzrsy5/brain_health_part_2/.json 
2024-07-25 23:32:55,TheDeprogram,what_is_this_subs_opinion_on_john_rabe,EmpressOfHyperion,t2_5bbymzx4,07/10/24 03:57,3,6,https://www.reddit.com/r/TheDeprogram/comments/1dzq63k/what_is_this_subs_opinion_on_john_rabe/.json 
2024-07-25 23:33:10,datingadvice,rejecting_good_options_am_i_too_picky,bestjane,t2_fo6uv5ti,07/10/24 03:10,1,3,https://www.reddit.com/r/dating_advice/comments/1dzpho4/rejecting_good_options_am_i_too_picky/.json 
2024-07-25 23:33:35,uSmooth-Watercress327,long_game_the_presumption_of_guilt_is_a,Smooth-Watercress327,t2_1436ay0v8g,07/09/24 21:14,1,1,https://www.reddit.com/r/u_Smooth-Watercress327/comments/1dzj6hd/long_game_the_presumption_of_guilt_is_a/.json 
2024-07-25 23:33:51,uSmooth-Watercress327,long_game_the_presumption_of_guilt_is_a,Smooth-Watercress327,t2_1436ay0v8g,07/09/24 21:13,1,1,https://www.reddit.com/r/u_Smooth-Watercress327/comments/1dzj5qn/long_game_the_presumption_of_guilt_is_a/.json 
2024-07-25 23:34:06,uSmooth-Watercress327,long_game_the_presumption_of_guilt_is_a,Smooth-Watercress327,t2_1436ay0v8g,07/09/24 21:12,1,1,https://www.reddit.com/r/u_Smooth-Watercress327/comments/1dzj4zo/long_game_the_presumption_of_guilt_is_a/.json 
2024-07-25 23:34:21,uSmooth-Watercress327,long_game_the_presumption_of_guilt_is_a,Smooth-Watercress327,t2_1436ay0v8g,07/09/24 21:11,1,1,https://www.reddit.com/r/u_Smooth-Watercress327/comments/1dzj4a0/long_game_the_presumption_of_guilt_is_a/.json 
2024-07-25 23:34:37,CapitalismVSocialism,why_arent_more_leftists_willing_to_call_china,waterissotasty45,t2_vcqe9q1y,07/09/24 20:42,0,129,https://www.reddit.com/r/CapitalismVSocialism/comments/1dziicf/why_arent_more_leftists_willing_to_call_china/.json 
2024-07-25 23:35:33,shanghai,clothes_for_193cm98kg47,Daxuboo,t2_e97kliij,07/09/24 15:13,3,23,https://www.reddit.com/r/shanghai/comments/1dzatfa/clothes_for_193cm98kg47/.json 
2024-07-25 23:35:53,ZhangSanfeng,zhang_sanfengs_song_of_the_great_way,Due_Mastodon_9951,t2_10b9oggb4b,07/09/24 09:25,1,1,https://www.reddit.com/r/ZhangSanfeng/comments/1dz2d5h/zhang_sanfengs_song_of_the_great_way/.json 
2024-07-25 23:36:08,China,online_shops_to_buy_chinese_tobacco_cigarettes_in,sgtslaughterTV,t2_1lpw021l,07/09/24 09:23,0,5,https://www.reddit.com/r/China/comments/1dz2b4l/online_shops_to_buy_chinese_tobacco_cigarettes_in/.json 
2024-07-25 23:36:24,asianamerican,speaking_your_mother_tongue_in_public,recycle_throwaway_42,t2_twvuyl2h,07/09/24 07:21,37,59,https://www.reddit.com/r/asianamerican/comments/1dyzxkh/speaking_your_mother_tongue_in_public/.json 
2024-07-25 23:36:39,CanadianPolitics,recent_refugees_of_chinese_descent,Front_Machine_8585,t2_szmuq1yqy,07/09/24 06:45,0,5,https://www.reddit.com/r/CanadianPolitics/comments/1dyzbp4/recent_refugees_of_chinese_descent/.json 
2024-07-25 23:36:59,beauty,how_to_perfect_chinese_makeup_with_real_and,-chinoiserie,t2_ncbtjdga,07/09/24 05:44,102,33,https://reddit.com/r/beauty/comments/1dyydiu/how_to_perfect_chinese_makeup_with_real_and/.json 
2024-07-25 23:37:30,SingaporeRaw,why_chinese_people_so_westernised_and_white_washed,rgtgg,t2_137w9vnc,07/09/24 04:47,0,19,https://www.reddit.com/r/SingaporeRaw/comments/1dyxjih/why_chinese_people_so_westernised_and_white_washed/.json 
2024-07-25 23:37:51,northkorea,do_you_think_north_korea_and_russia_will_wipe,Block-Busted,t2_15ieu8,07/08/24 21:46,0,84,https://www.reddit.com/r/northkorea/comments/1dyqgos/do_you_think_north_korea_and_russia_will_wipe/.json 
2024-07-25 23:38:07,JohnisthePresident,the_china_national_highway_110_incident_part_1,VeraciousOrange,t2_9p342n3l,07/08/24 20:59,2,1,https://www.reddit.com/r/JohnisthePresident/comments/1dyphwp/the_china_national_highway_110_incident_part_1/.json 
2024-07-25 23:38:22,Scams,ive_been_seeing_these_around_my_neighborhood,backbysix,t2_13zapp,07/08/24 17:33,563,90,https://reddit.com/r/Scams/comments/1dykta0/ive_been_seeing_these_around_my_neighborhood/.json 
2024-07-25 23:38:38,China,the_socalled_kmtccp_civil_war_was_actually_a_war,Afterdisappear,t2_e9wv9yvg,07/08/24 17:28,0,17,https://www.reddit.com/r/China/comments/1dykotx/the_socalled_kmtccp_civil_war_was_actually_a_war/.json 
2024-07-25 23:39:03,MartialMemes,why_does_jade_beauty_falls_for_mcs_small_act_of,ancientblazingsun,t2_642lq15jk,07/08/24 10:20,29,15,https://www.reddit.com/r/MartialMemes/comments/1dya4nb/why_does_jade_beauty_falls_for_mcs_small_act_of/.json 
2024-07-25 23:39:19,NewIran,i_do_not_give_in_to_claims_that_the_reformists,Happy_Traveller_2023,t2_lo22ekij,07/08/24 09:17,31,8,https://www.reddit.com/r/NewIran/comments/1dy8pbo/i_do_not_give_in_to_claims_that_the_reformists/.json 
2024-07-25 23:39:49,WarshipPorn,recent_photo_of_the_first_type_076_yulanclass,BostonLesbian,t2_8iey2sot,07/08/24 03:09,43,4,https://reddit.com/r/WarshipPorn/comments/1dy2ltr/recent_photo_of_the_first_type_076_yulanclass/.json 
2024-07-25 23:40:19,AncestryDNA,rather_uneventful_results,BenL666,t2_3ojsa9nw,07/07/24 23:57,43,8,https://reddit.com/r/AncestryDNA/comments/1dxzgz7/rather_uneventful_results/.json 
2024-07-25 23:40:34,bentonville,where_the_chinese_people_at_inatnear_bentonville,beartrapperkeeper,t2_t53ys,07/07/24 19:45,0,17,https://www.reddit.com/r/bentonville/comments/1dxuj34/where_the_chinese_people_at_inatnear_bentonville/.json 
2024-07-25 23:41:20,Chinese,will_start_learning_mandarin_on_my_own_tips,Certain_Rooster_6267,t2_irnckpnpp,07/07/24 14:27,5,11,https://www.reddit.com/r/Chinese/comments/1dxn8sd/will_start_learning_mandarin_on_my_own_tips/.json 
2024-07-25 23:41:45,ZhaobaoTaichi,a_new_exploration_into_the_cause_and_effect_of,Due_Mastodon_9951,t2_10b9oggb4b,07/07/24 09:38,1,1,https://www.reddit.com/r/ZhaobaoTaichi/comments/1dxgqc2/a_new_exploration_into_the_cause_and_effect_of/.json 
2024-07-25 23:42:06,Scams,scammed_by_the_fake_chinese_pilicr,Jacinda-Muldoon,t2_68hma2za,07/07/24 09:29,4,5,https://www.reddit.com/r/Scams/comments/1dxgjia/scammed_by_the_fake_chinese_pilicr/.json 
2024-07-25 23:43:13,WarshipPorn,chinese_peoples_liberation_army_navy_plan_type,CMPosts,t2_8iey2sot,07/06/24 21:00,440,1,https://reddit.com/r/ChinaMILITARY/comments/1dx4g9k/chinese_peoples_liberation_army_navy_plan_type/.json 
2024-07-25 23:43:28,LifeTree,1524_virgin_pregnancy,AdamLuyan,t2_suoch1gh,07/06/24 17:56,2,1,https://www.reddit.com/r/LifeTree/comments/1dx0pk9/1524_virgin_pregnancy/.json 
2024-07-25 23:43:44,AsianParentStories,i_despise_my_familys_bigoted_nature,ObiWontonCanoli,t2_qzmhrrfg,07/06/24 12:51,69,14,https://www.reddit.com/r/AsianParentStories/comments/1dwu0pz/i_despise_my_familys_bigoted_nature/.json 
2024-07-25 23:43:59,Kazakhstan,lets_not_forget_the_words_of_our_ancestors_about,Ok-Pirate5565,t2_5nwjmndx2,07/06/24 12:05,37,17,https://www.reddit.com/r/Kazakhstan/comments/1dwt026/lets_not_forget_the_words_of_our_ancestors_about/.json 
2024-07-25 23:44:14,chinalife,is_online_checkin_banned_in_china,waffledogofficial,t2_1cttmz1k,07/06/24 10:56,9,29,https://www.reddit.com/r/chinalife/comments/1dwrh44/is_online_checkin_banned_in_china/.json 
2024-07-25 23:44:29,Sat,is_this_sat_prep_site_worth_it,HermitFan99999,t2_83ewa9tj,07/06/24 10:20,1,3,https://www.reddit.com/r/Sat/comments/1dwqoyv/is_this_sat_prep_site_worth_it/.json 
2024-07-25 23:44:45,uJhonjournalist,12th_world_peace_forum_in_beijing_tackles_common,Jhonjournalist,t2_tm2z0a0p,07/06/24 09:38,4,1,https://www.reddit.com/r/u_Jhonjournalist/comments/1dwptca/12th_world_peace_forum_in_beijing_tackles_common/.json 
2024-07-25 23:45:00,americandad,racist_joke_so_subtle_i_had_to_learn_some_history,picklechick84,t2_t4xa3ur9,07/06/24 08:44,0,48,https://www.reddit.com/r/americandad/comments/1dworbh/racist_joke_so_subtle_i_had_to_learn_some_history/.json 
2024-07-25 23:45:16,SubredditDrama,yes_china_is_generally_considered_to_be_a_very,Comma_Karma,t2_1bpr456e,07/06/24 05:20,507,202,https://www.reddit.com/r/SubredditDrama/comments/1dwlntx/yes_china_is_generally_considered_to_be_a_very/.json 
2024-07-25 23:45:32,malaysia,is_it_normal_for_people_to_scream_allahu_akbar_on,Hour_Camel8641,t2_lghf3x99n,07/06/24 04:11,222,158,https://www.reddit.com/r/malaysia/comments/1dwkqjo/is_it_normal_for_people_to_scream_allahu_akbar_on/.json 
2024-07-25 23:46:03,GenZ,is_the_meme_culture_dying_out_with_the_weakened,Loud_Assistant472,t2_114bs4uy3u,07/06/24 02:14,3,15,https://www.reddit.com/r/GenZ/comments/1dwj10c/is_the_meme_culture_dying_out_with_the_weakened/.json 
2024-07-25 23:46:18,jasontheweenie,regarding_the_cslur,Material-Hearing1509,t2_13yan0n4u8,07/06/24 00:04,7,18,https://www.reddit.com/r/jasontheweenie/comments/1dwgw9i/regarding_the_cslur/.json 
2024-07-25 23:46:33,TheDeprogram,maybe_those_tradfash_guys_have_a_point_i_should,00ccewe,t2_120259ddsx,07/05/24 23:47,43,6,https://www.reddit.com/r/TheDeprogram/comments/1dwglv0/maybe_those_tradfash_guys_have_a_point_i_should/.json 
2024-07-25 23:46:49,QAnonCasualties,my_mom_thinks_russia_and_china_are_the_good_guys,ConfusedMudskipper,t2_bfj2fuo1t,07/05/24 23:05,576,115,https://www.reddit.com/r/QAnonCasualties/comments/1dwfuv4/my_mom_thinks_russia_and_china_are_the_good_guys/.json 
2024-07-25 23:47:04,Chinese,chinese_people_can_now_learn_hindi_from_youtube,Pettercup,t2_bd4mkyt5,07/05/24 19:48,0,1,https://www.reddit.com/r/Chinese/comments/1dwc3nx/chinese_people_can_now_learn_hindi_from_youtube/.json 
2024-07-25 23:47:19,NameNerdCirclejerk,what_names_suit_these_korean_women,singletotaken,t2_43kbfez2,07/05/24 19:35,0,1,https://www.reddit.com/r/NameNerdCirclejerk/comments/1dwbttk/what_names_suit_these_korean_women/.json 
2024-07-25 23:47:40,hellskorea,south_koreas_radical_feminist_storm_troopers,tuttifucky,t2_i05gwhc8c,07/05/24 14:15,2,1,https://www.reddit.com/r/hellskorea/comments/1dw4k4k/south_koreas_radical_feminist_storm_troopers/.json 
2024-07-25 23:47:55,AITAH,aitah_for_defending_myself_while_being_cornered,One-Artichoke-2838,t2_g80yw0gh,07/05/24 14:03,3,20,https://www.reddit.com/r/AITAH/comments/1dw49mb/aitah_for_defending_myself_while_being_cornered/.json 
2024-07-25 23:48:15,CatholicPhilosophy,pure_actuality,Briyo2289,t2_n89il59,07/05/24 13:21,3,4,https://www.reddit.com/r/CatholicPhilosophy/comments/1dw39q2/pure_actuality/.json 
2024-07-25 23:48:36,blogs,book_review_yellowface_by_rebecca_f_kuang,krishnalover_nb,t2_ecfyx8io,07/05/24 08:18,1,1,https://www.reddit.com/r/blogs/comments/1dvwlwo/book_review_yellowface_by_rebecca_f_kuang/.json 
2024-07-25 23:49:11,NoStupidQuestions,why_dont_chinese_people_understand_it_when_im,Tackit286,t2_g4zhs,07/05/24 05:03,1,1,https://www.reddit.com/r/NoStupidQuestions/comments/1dvtldq/why_dont_chinese_people_understand_it_when_im/.json 
2024-07-25 23:49:48,Seattle,to_the_haters_of_the_4th,NW_reeferJunky,t2_nm7p9q0w,07/05/24 00:34,0,155,https://www.reddit.com/r/Seattle/comments/1dvplcl/to_the_haters_of_the_4th/.json 
2024-07-25 23:50:08,malaysia,disproprotionate_indians_in_jlpt,shoshinsha00,t2_tftja2vz,07/04/24 20:16,0,7,https://www.reddit.com/r/malaysia/comments/1dvl5sn/disproprotionate_indians_in_jlpt/.json 
2024-07-25 23:50:24,JoeRogan,chinese_people_look,Excellent_Lead_3653,t2_mqunkuxy,07/04/24 17:59,1104,19,https://reddit.com/r/rmbrown/comments/1dvihhr/chinese_people_look/.json 
2024-07-25 23:50:54,conspiracy,virus_wars_because_of_the_covid_vaccines_ukraine,Ok_Sea_6214,t2_sqzdssi4,07/04/24 11:03,0,20,https://www.reddit.com/r/conspiracy/comments/1dv913w/virus_wars_because_of_the_covid_vaccines_ukraine/.json 
2024-07-25 23:51:15,interestingasfuck,chinese_people_look_chinese,kazoobanboo,t2_sog3eudzg,07/04/24 05:19,71991,4,https://reddit.com/r/rmbrown/comments/1dv2o5u/chinese_people_look_chinese/.json 
2024-07-25 23:51:30,AskHistorians,why_were_ethnic_minorities_overrepresented_in_the,Ill_Emphasis_6567,t2_8uoryvjz,07/04/24 04:21,10,3,https://www.reddit.com/r/AskHistorians/comments/1dv1uiq/why_were_ethnic_minorities_overrepresented_in_the/.json 
2024-07-25 23:52:01,WarshipPorn,chinese_peoples_liberation_army_navy_plan_type,BostonLesbian,t2_8iey2sot,07/04/24 03:35,441,68,https://reddit.com/r/WarshipPorn/comments/1dv166z/chinese_peoples_liberation_army_navy_plan_type/.json 
2024-07-25 23:52:32,mongolia,do_chinese_people_get_discriminated_in_mongolia,Balumian,t2_ih0js7p2,07/04/24 00:25,15,55,https://www.reddit.com/r/mongolia/comments/1duy3vl/do_chinese_people_get_discriminated_in_mongolia/.json 
2024-07-25 23:52:48,Cambly,has_the_ridiculousness_of_what_a_student_has_said,EnglishTutor2023,t2_j16jclb8,07/03/24 22:34,12,37,https://www.reddit.com/r/Cambly/comments/1duw324/has_the_ridiculousness_of_what_a_student_has_said/.json 
2024-07-25 23:53:13,YouTubeGamers,sleeping_dogs_definitive_edition_33_bad_luck_for,DarkKirby14,t2_skogz,07/03/24 17:12,1,1,https://www.reddit.com/r/YouTubeGamers/comments/1dupfay/sleeping_dogs_definitive_edition_33_bad_luck_for/.json 
2024-07-25 23:53:28,gamingvids,sleeping_dogs_definitive_edition_33_bad_luck_for,DarkKirby14,t2_skogz,07/03/24 17:12,1,1,https://www.reddit.com/r/gamingvids/comments/1dupf9p/sleeping_dogs_definitive_edition_33_bad_luck_for/.json 
2024-07-25 23:53:44,LetsPlayVideos,sleeping_dogs_definitive_edition_33_bad_luck_for,DarkKirby14,t2_skogz,07/03/24 17:00,1,1,https://www.reddit.com/r/LetsPlayVideos/comments/1dup54j/sleeping_dogs_definitive_edition_33_bad_luck_for/.json 
2024-07-25 23:53:59,DarkKirby14,sleeping_dogs_definitive_edition_33_bad_luck_for,DarkKirby14,t2_skogz,07/03/24 17:00,1,1,https://www.reddit.com/r/DarkKirby14/comments/1dup51q/sleeping_dogs_definitive_edition_33_bad_luck_for/.json 
2024-07-25 23:54:14,ADVChina,the_future_china,OrangeStaplerAlex,t2_4uuzn6z5,07/03/24 12:43,6,4,https://www.reddit.com/r/ADVChina/comments/1duizjx/the_future_china/.json 
2024-07-25 23:54:29,SampleSize,surveyattachment_styles_and_sexual_behaviours,Michaeliyijin,t2_uxt9c8xmy,07/03/24 12:40,4,4,https://www.reddit.com/r/SampleSize/comments/1duiwnn/surveyattachment_styles_and_sexual_behaviours/.json 
2024-07-25 23:54:44,manchester,littering_fines_racial_bias,Popular_Platypus_722,t2_12qszxan1o,07/03/24 10:29,0,22,https://www.reddit.com/r/manchester/comments/1dufr1x/littering_fines_racial_bias/.json 
2024-07-25 23:55:05,chinalife,is_propolis_a_good_gift_for_chinese_people,anaM00n,t2_6lhfeqrl,07/03/24 09:27,5,9,https://www.reddit.com/r/chinalife/comments/1duecoc/is_propolis_a_good_gift_for_chinese_people/.json 
2024-07-25 23:55:21,Trotskyism,im_banned_from_marxistculture_because_i_dont_love,Korax_30,t2_vpx08byk,07/03/24 09:14,43,26,https://reddit.com/r/Trotskyism/comments/1due2v5/im_banned_from_marxistculture_because_i_dont_love/.json 
2024-07-25 23:55:36,PiNetwork,i_recently_came_across_a_post_called_the_pi,Unusual_Ad9940,t2_kz25atr34,07/03/24 07:49,0,18,https://www.reddit.com/r/PiNetwork/comments/1ducdu0/i_recently_came_across_a_post_called_the_pi/.json 
2024-07-25 23:56:27,SGIWhistleblowersMITA,nichiren_shu_and_the_asian_holocaust_part_iv,Chas--,t2_nckvbbfr,07/03/24 04:07,3,1,https://www.reddit.com/r/SGIWhistleblowersMITA/comments/1du92k6/nichiren_shu_and_the_asian_holocaust_part_iv/.json 
2024-07-25 23:56:43,bengalilanguage,input_method_without_using_shift_alt_keys_has,Any_Dog1589,t2_8lc5m4u3,07/03/24 04:05,3,8,https://www.reddit.com/r/bengalilanguage/comments/1du91eh/input_method_without_using_shift_alt_keys_has/.json 
2024-07-25 23:57:29,relationshipadvice,how_do_i_20m_manage_with_having_less_to_no,Anxious-Chemistry745,t2_g22cjqw2,07/02/24 20:03,1,6,https://www.reddit.com/r/relationship_advice/comments/1du0mtu/how_do_i_20m_manage_with_having_less_to_no/.json 
2024-07-25 23:57:56,perth,racism_incident_at_a_renowned_logistics_company,Plus_Needleworker_51,t2_4g1g8fcl,07/02/24 10:26,153,112,https://www.reddit.com/r/perth/comments/1dtn587/racism_incident_at_a_renowned_logistics_company/.json 
2024-07-25 23:59:20,23andme,malayali_and_chinese,tanyajoy27,t2_mi10id4m,07/02/24 03:31,10,6,https://www.reddit.com/r/23andme/comments/1dtg0w4/malayali_and_chinese/.json 
2024-07-25 23:59:55,TikTok,chinese_man_and_snack_store,Austin_OOF,t2_7z3wdiro,07/02/24 01:20,2,1,https://reddit.com/r/TikTok/comments/1dte2h1/chinese_man_and_snack_store/.json 
2024-07-26 00:00:11,BlackMarxism,chairman_mao_zedong_signs_activist_robert_f,TheRedDenizen,t2_t1dmi094a,07/02/24 00:57,40,1,https://reddit.com/r/BlackMarxism/comments/1dtdpff/chairman_mao_zedong_signs_activist_robert_f/.json 
2024-07-26 00:00:41,uNo-Mine-6776,long_game_the_presumption_of_guilt_is_a,No-Mine-6776,t2_13oezkwu1t,07/01/24 23:54,1,1,https://www.reddit.com/r/u_No-Mine-6776/comments/1dtcmml/long_game_the_presumption_of_guilt_is_a/.json 
2024-07-26 00:01:12,Chinese,question_on_modern_chinese_language,No_Design_5334,t2_b1flyjmuo,07/01/24 22:59,0,10,https://www.reddit.com/r/Chinese/comments/1dtblq5/question_on_modern_chinese_language/.json 
2024-07-26 00:01:47,uJadedcake4493,long_game_the_presumption_of_guilt_is_a,Jadedcake4493,t2_13o8ijopxo,07/01/24 22:13,1,1,https://www.reddit.com/r/u_Jadedcake4493/comments/1dtaqfd/long_game_the_presumption_of_guilt_is_a/.json 
2024-07-26 00:02:18,LongDistance,intense_loneliness_insomnia_can_meet_only_2x_a,diarichan,t2_nn2wi,07/01/24 20:07,1,5,https://www.reddit.com/r/LongDistance/comments/1dt870r/intense_loneliness_insomnia_can_meet_only_2x_a/.json 
2024-07-26 00:03:00,SnowbreakOfficial,whats_with_the_increased_breast_size,wolfbetter,t2_odreu,07/01/24 06:58,0,63,https://www.reddit.com/r/SnowbreakOfficial/comments/1dsq5gq/whats_with_the_increased_breast_size/.json 
2024-07-26 00:03:15,WorldDefenseNews,chinese_troops_arrive_in_belarus_on_xian_y20a,armyreco,t2_cltow,07/01/24 06:10,2,1,https://www.reddit.com/r/WorldDefenseNews/comments/1dspewb/chinese_troops_arrive_in_belarus_on_xian_y20a/.json 
2024-07-26 00:03:30,uIcy-Leadership2742,long_game_the_presumption_of_guilt_is_a,Icy-Leadership2742,t2_13mjh40t9q,07/01/24 05:40,1,1,https://www.reddit.com/r/u_Icy-Leadership2742/comments/1dsoy98/long_game_the_presumption_of_guilt_is_a/.json 
2024-07-26 00:04:21,flags,random_flag_dump,Rubber_Backstabber,t2_k22gc3ba,06/30/24 19:57,28,10,https://www.reddit.com/r/flags/comments/1dsfa2q/random_flag_dump/.json 
2024-07-26 00:04:36,China,how_can_i_play_with_chinese_people,LieutenantDan_263,t2_73ia6vcb,06/30/24 15:46,3,18,https://www.reddit.com/r/China/comments/1ds9sfl/how_can_i_play_with_chinese_people/.json 
2024-07-26 00:05:12,shanghai,how_to_import_things_from_china_to_germany,IamAMelodyy,t2_lw9kxl6b,06/30/24 12:36,0,10,https://www.reddit.com/r/shanghai/comments/1ds5jp2/how_to_import_things_from_china_to_germany/.json 
2024-07-26 00:05:27,China,how_do_chinese_people_outside_of_china_import,IamAMelodyy,t2_lw9kxl6b,06/30/24 12:34,1,23,https://www.reddit.com/r/China/comments/1ds5hoh/how_do_chinese_people_outside_of_china_import/.json 
2024-07-26 00:05:44,scuba,first_time_witnessing_another_diver_being,onlymarble,t2_10us4s8b,06/30/24 12:29,649,164,https://reddit.com/r/scuba/comments/1ds5e2r/first_time_witnessing_another_diver_being/.json 
2024-07-26 00:05:59,relationshipadvice,what_can_i_30f_do_to_save_my_relationship_with_my,Livid_Negotiation286,t2_13kmq2z5ep,06/30/24 11:56,1,6,https://www.reddit.com/r/relationship_advice/comments/1ds4nwa/what_can_i_30f_do_to_save_my_relationship_with_my/.json 
2024-07-26 00:06:20,SingaporeRaw,wealthy_chinese_actually_dont_want_to_become,vnaeli,t2_84rsg13u,06/30/24 08:42,76,106,https://www.reddit.com/r/SingaporeRaw/comments/1ds0mmm/wealthy_chinese_actually_dont_want_to_become/.json 
2024-07-26 00:06:40,mongolia,need_attention_of_ppl_who_have_studied_in_china,Fair-Pickle-6284,t2_u5v5kulq,06/30/24 05:17,3,11,https://www.reddit.com/r/mongolia/comments/1drxivb/need_attention_of_ppl_who_have_studied_in_china/.json 
2024-07-26 00:06:56,crueltyfree,are_korean_brands_automatically_cruelty_free_if,ginaah,t2_4abse4h1,06/30/24 03:16,8,1,https://www.reddit.com/r/crueltyfree/comments/1drvw1r/are_korean_brands_automatically_cruelty_free_if/.json 
2024-07-26 00:07:27,AskAChinese,what_do_chinese_people_think_about_afghanistan,ClocktownLancer,t2_jiz61id6y,06/29/24 16:41,7,10,https://www.reddit.com/r/AskAChinese/comments/1drkiw1/what_do_chinese_people_think_about_afghanistan/.json 
2024-07-26 00:07:42,asianamerican,are_most_chinese_restaurants_in_your_area_ran_by,Contest-Content,t2_8573r55z,06/29/24 16:21,11,52,https://www.reddit.com/r/asianamerican/comments/1drk3i6/are_most_chinese_restaurants_in_your_area_ran_by/.json 
2024-07-26 00:07:58,taiwan,taiwanese_citizenship_by_ethnicity,Gold_Umpire_6871,t2_woh3sgfts,06/29/24 16:11,0,20,https://www.reddit.com/r/taiwan/comments/1drjvqb/taiwanese_citizenship_by_ethnicity/.json 
2024-07-26 00:08:54,Philippines,chinese_coast_guards_are_modern_pirates,ChineseHyenaPirates,t2_rfgyi6rsx,06/29/24 06:55,177,8,https://reddit.com/r/Philippines/comments/1dr8m50/chinese_coast_guards_are_modern_pirates/.json 
2024-07-26 00:09:10,AskAChinese,why_do_old_chinese_people_spend_so_much_time_in,Passtheshavingcream,t2_6kf0bw3ea,06/29/24 06:09,0,6,https://www.reddit.com/r/AskAChinese/comments/1dr7xy3/why_do_old_chinese_people_spend_so_much_time_in/.json 
2024-07-26 00:10:36,Philippines,filipinos_and_chinese_people,Anxious-Dimension484,t2_umysi0ox7,06/28/24 19:25,0,45,https://www.reddit.com/r/Philippines/comments/1dqxbur/filipinos_and_chinese_people/.json 
2024-07-26 00:11:08,languagelearningjerk,xiaoma_finally_getting_humbled,Kristianushka,t2_1jtqhgo,06/28/24 08:20,627,65,https://reddit.com/r/languagelearningjerk/comments/1dqiboo/xiaoma_finally_getting_humbled/.json 
2024-07-26 00:12:47,chinalife,how_do_chinese_people_feel_about_latinos,shamandan,t2_2agpd71u,06/27/24 15:34,7,62,https://www.reddit.com/r/chinalife/comments/1dpzyot/how_do_chinese_people_feel_about_latinos/.json 
2024-07-26 00:13:02,chinalife,populists_are_a_security_risk,RanToTur,t2_h1dfw2hc0,06/27/24 14:17,8,10,https://www.reddit.com/r/chinalife/comments/1dpy49g/populists_are_a_security_risk/.json 
2024-07-26 00:13:17,HelloTalk,why_do_people_from_random_countries_that_arent_my,Gaijin-Giraffe,t2_g7s60a90s,06/27/24 12:54,17,10,https://www.reddit.com/r/HelloTalk/comments/1dpw42z/why_do_people_from_random_countries_that_arent_my/.json 
2024-07-26 00:13:32,shanghai,imax_movie_theater_to_watch_hollywood_movies_in,Thanosmaster33,t2_csllg2mup,06/27/24 10:35,1,7,https://www.reddit.com/r/shanghai/comments/1dpss8h/imax_movie_theater_to_watch_hollywood_movies_in/.json 
2024-07-26 00:13:48,kpoprants,please_stop_with_the_misconception_of_gidle,Puzzled_Stick_5956,t2_sfeq0gnq8,06/27/24 10:13,613,79,https://www.reddit.com/r/kpoprants/comments/1dpsale/please_stop_with_the_misconception_of_gidle/.json 
2024-07-26 00:14:39,DotA2,how_to_copy_text_from_the_in_game_chat_can_anyone,Early_Cup_2878,t2_6ah8e7v0,06/27/24 04:46,0,5,https://www.reddit.com/r/DotA2/comments/1dpmj9l/how_to_copy_text_from_the_in_game_chat_can_anyone/.json 
2024-07-26 00:15:00,chinalife,first_time_in_china_do_chinese_people_line_up,Unlucky_Barnacle_931,t2_zc5lx56bx,06/27/24 03:22,233,185,https://www.reddit.com/r/chinalife/comments/1dple6k/first_time_in_china_do_chinese_people_line_up/.json 
2024-07-26 00:15:16,NoStupidQuestions,what_do_japanese_and_chinese_people_do_when_they,skyrimlo,t2_5rkc4i77,06/27/24 02:22,0,8,https://www.reddit.com/r/NoStupidQuestions/comments/1dpki7y/what_do_japanese_and_chinese_people_do_when_they/.json 
2024-07-26 00:15:32,CDrama,got_milk_china_does_they_also_like_it_served,Mediocre_Pea_6845,t2_htd94gvr,06/26/24 21:53,124,188,https://reddit.com/r/CDrama/comments/1dpfryi/got_milk_china_does_they_also_like_it_served/.json 
2024-07-26 00:16:03,pregnant,should_i_be_worried_lmp_edd_and_us_crl_is,Dazzling_Broccoli_37,t2_xtipcfk9c,06/26/24 18:55,1,4,https://www.reddit.com/r/pregnant/comments/1dpc3hb/should_i_be_worried_lmp_edd_and_us_crl_is/.json 
2024-07-26 00:16:34,LordofTheMysteries,i_recommend_a_fanfiction_of_lotm,New_Word_5884,t2_8dupom69,06/26/24 10:19,11,7,https://www.reddit.com/r/LordofTheMysteries/comments/1dozqvq/i_recommend_a_fanfiction_of_lotm/.json 
2024-07-26 00:17:10,taoism,did_taoism_believe_the_earth_is_flat,GrapefruitDry2519,t2_vb5tk0ac,06/26/24 03:50,0,54,https://www.reddit.com/r/taoism/comments/1dot2ad/did_taoism_believe_the_earth_is_flat/.json 
2024-07-26 00:17:26,ShintoReligion,where_did_the_idea_of_parallel_practice_originate,Enbie-or-Trans,t2_j1jd0yvv,06/26/24 02:19,14,11,https://www.reddit.com/r/ShintoReligion/comments/1dorqju/where_did_the_idea_of_parallel_practice_originate/.json 
2024-07-26 00:17:41,Nim2908,contactless_payment_market_is_dazzling_worldwide,TerribleSell2997,t2_igxgpz9n,06/26/24 00:52,1,1,https://www.reddit.com/r/Nim2908/comments/1doqdrg/contactless_payment_market_is_dazzling_worldwide/.json 
2024-07-26 00:17:57,Asiairl,do_you_know_about_any_micronation_in_asia,3rdAssaultBrigade,t2_t4wgumuy8,06/25/24 22:48,28,10,https://reddit.com/r/Asia_irl/comments/1doo5os/do_you_know_about_any_micronation_in_asia/.json 
2024-07-26 00:18:12,Philippines,philippines_politics_is_so_depressing,SinkingCarpet,t2_3olug59p,06/25/24 22:22,82,27,https://www.reddit.com/r/Philippines/comments/1donmud/philippines_politics_is_so_depressing/.json 
2024-07-26 00:18:27,ChineseMedicine,continued_tcm_diet_book_sharing_17_cravings_and,Remey_Mitcham,t2_9wkp3oyln,06/25/24 21:52,2,7,https://www.reddit.com/r/ChineseMedicine/comments/1don13g/continued_tcm_diet_book_sharing_17_cravings_and/.json 
2024-07-26 00:18:42,thisorthatlanguage,cant_decide_between_mandarin_or_japanese,someboyiguess,t2_8gjsx09b,06/25/24 19:21,8,18,https://www.reddit.com/r/thisorthatlanguage/comments/1dojyks/cant_decide_between_mandarin_or_japanese/.json 
2024-07-26 00:18:58,adhdwomen,how_do_i_broach_the_subject_of_adhd_to_my,peach-tadpole,t2_aphlp516,06/25/24 19:20,1,10,https://www.reddit.com/r/adhdwomen/comments/1dojx9c/how_do_i_broach_the_subject_of_adhd_to_my/.json 
2024-07-26 00:19:45,computer,help_me_pls,[deleted],0,06/25/24 10:20,0,20,https://www.reddit.com/r/computer/comments/1do763g/help_me_pls/.json 
2024-07-26 00:20:01,computer,help_me_pls,[deleted],0,06/25/24 10:20,0,20,https://www.reddit.com/r/computer/comments/1do763g/help_me_pls/.json 
2024-07-26 00:20:38,stocks,novo_nordisk,psychologist87,t2_35v7lt1,06/25/24 06:49,46,60,https://www.reddit.com/r/stocks/comments/1do32h0/novo_nordisk/.json 
2024-07-26 00:21:35,travelchina,why_do_chinese_people_queue_up_so_early_in_train,talon1580,t2_12lt8vv8,06/25/24 00:36,1,33,https://www.reddit.com/r/travelchina/comments/1dnxloz/why_do_chinese_people_queue_up_so_early_in_train/.json 
2024-07-26 00:22:12,taoism,chinese_people_told_me_that_goal_of_taoism_is_to,VEGETTOROHAN,t2_565gcndf,06/24/24 21:07,46,67,https://www.reddit.com/r/taoism/comments/1dntpxl/chinese_people_told_me_that_goal_of_taoism_is_to/.json 
2024-07-26 00:22:27,TeenagerPolls,do_you_feel_bad_for_chinese_people_under_control,Fancy-Cloud3977,t2_cvt7r7ryo,06/24/24 19:36,6,8,https://www.reddit.com/r/Teenager_Polls/comments/1dnrv8u/do_you_feel_bad_for_chinese_people_under_control/.json 
2024-07-26 00:22:43,Philippines,wishing_death_on_chinese_people_is_ok_now_so_much,More_Theory5667,t2_ckilxg3q,06/24/24 11:04,460,39,https://reddit.com/r/SinophobiaWatch/comments/1dnfnyx/wishing_death_on_chinese_people_is_ok_now_so_much/.json 
2024-07-26 00:23:04,AlternateHistory,chinese_president_xi_jinping_inspects_three,WorldArcher1245,t2_6wpifjhy,06/24/24 07:29,0,20,https://reddit.com/r/AlternateHistory/comments/1dnb7sh/chinese_president_xi_jinping_inspects_three/.json 
2024-07-26 00:23:19,China,not_all_chinese_people_are_curious_a_lot_are_just,WorldDailyTops_Bot,t2_tfliyep1n,06/24/24 05:38,373,1,https://reddit.com/r/WorldDailyTops/comments/1dn9j41/not_all_chinese_people_are_curious_a_lot_are_just/.json 
2024-07-26 00:23:34,teenagers,this_is_a_test_pls_dont_read_cuz_its_boring_to,EconomyGold2552,t2_np0jt9w3,06/24/24 03:49,0,3,https://www.reddit.com/r/teenagers/comments/1dn81pe/this_is_a_test_pls_dont_read_cuz_its_boring_to/.json 
2024-07-26 00:29:47,SACWATR,chinese_president_xi_jinping_inspects_three,WorldArcher1245,t2_6wpifjhy,06/23/24 23:24,8,1,https://reddit.com/r/SACWATR/comments/1dn3wsg/chinese_president_xi_jinping_inspects_three/.json 
2024-07-26 00:45:01,playstation,my_ps5_store_is_in_chinese_help,tf_ghost_141_,t2_kw6mzp6i6,06/23/24 18:37,1,26,https://reddit.com/r/playstation/comments/1dmyajx/my_ps5_store_is_in_chinese_help/.json 
2024-07-26 00:47:10,ThanksCyno,why_is_zy0x_scared_of_chinese_people,tinybabyyy,t2_6j8iv1o9,06/23/24 18:02,236,26,https://www.reddit.com/r/ThanksCyno/comments/1dmxiv4/why_is_zy0x_scared_of_chinese_people/.json 
2024-07-26 00:53:55,coins,chinese_coin,DancingShoulders,t2_dbwa9jmd,06/23/24 16:01,1,7,https://reddit.com/r/coins/comments/1dmuu5j/chinese_coin/.json 
2024-07-26 00:54:29,oldcoins,chinese_coin,DancingShoulders,t2_dbwa9jmd,06/23/24 15:54,3,6,https://reddit.com/r/oldcoins/comments/1dmuoby/chinese_coin/.json 
2024-07-26 00:55:36,saltierthankrayt,you_arent_hiding_your_bigotry_and_racism_huh,Careful_Trouble_8,t2_akzxq14r0,06/23/24 15:39,1354,140,https://reddit.com/r/saltierthankrayt/comments/1dmubmu/you_arent_hiding_your_bigotry_and_racism_huh/.json 
2024-07-26 01:08:07,CharacterRant,the_poppy_war_or_how_not_to_write_chinese_fantasy,lostdimensions,t2_j7qfz,06/23/24 11:50,74,43,https://www.reddit.com/r/CharacterRant/comments/1dmp6cv/the_poppy_war_or_how_not_to_write_chinese_fantasy/.json 
2024-07-26 01:22:25,China,not_all_chinese_people_are_curious_a_lot_are_just,Sharp-Studio-7561,t2_tfliyep1n,06/23/24 07:10,366,179,https://www.reddit.com/r/China/comments/1dmjsu5/not_all_chinese_people_are_curious_a_lot_are_just/.json 
2024-07-26 01:22:46,Asiairl,are_xinese_asians_or_honorary_russians,3rdAssaultBrigade,t2_t4wgumuy8,06/23/24 03:50,38,16,https://reddit.com/r/Asia_irl/comments/1dmh141/are_xinese_asians_or_honorary_russians/.json 
2024-07-26 01:23:28,Philippines,grey_zone_warfare_with_china,sabaybayin,t2_7udfvjh2,06/22/24 20:54,59,17,https://www.reddit.com/r/Philippines/comments/1dma937/grey_zone_warfare_with_china/.json 
2024-07-26 01:23:44,aucklandeats,lazys_mt_albert,Logical-Pie-798,t2_bngj1k01,06/22/24 20:27,38,5,https://reddit.com/r/aucklandeats/comments/1dm9q8j/lazys_mt_albert/.json 
2024-07-26 01:23:59,TooAfraidToAsk,are_most_chinese_people_nearsighted,Puzzled-Painter3301,t2_9c8h7cm8,06/22/24 15:08,0,4,https://www.reddit.com/r/TooAfraidToAsk/comments/1dm30dl/are_most_chinese_people_nearsighted/.json 
2024-07-26 01:24:14,mentalmodelscoach,how_does_availability_heuristic_affect,sameed_a,t2_c3ve8jol,06/22/24 14:12,1,1,https://www.reddit.com/r/mentalmodelscoach/comments/1dm1sbi/how_does_availability_heuristic_affect/.json 
2024-07-26 01:25:11,MarxistCulture,brothers_committed_to_mutual_assistance_by_song,TankMan-2223,t2_lbnyqx3yi,06/22/24 12:51,3,1,https://www.reddit.com/r/MarxistCulture/comments/1dm0024/brothers_committed_to_mutual_assistance_by_song/.json 
2024-07-26 01:26:20,ComicBookCovers,space_adventures_26_published_nov_1958_1952_series,OZeski,t2_wqutd,06/22/24 01:52,2,1,https://reddit.com/r/ComicBookCovers/comments/1dlor5z/space_adventures_26_published_nov_1958_1952_series/.json 
2024-07-26 01:26:51,koreatravel,is_korea_xenophobic,Getonthebeers02,t2_e7lu90jj,06/21/24 23:04,0,27,https://www.reddit.com/r/koreatravel/comments/1dlly1c/is_korea_xenophobic/.json 
2024-07-26 01:28:17,RicedArt,bremerton,CHINA_UesugiKenshin,t2_12fqv73wvj,06/21/24 11:26,30,1,https://reddit.com/r/RicedArt/comments/1dl6oz1/bremerton/.json 
2024-07-26 01:28:33,SampleSize,surveyattachment_styles_and_sexual_behaviours,Michaeliyijin,t2_uxt9c8xmy,06/21/24 07:37,1,4,https://www.reddit.com/r/SampleSize/comments/1dl1w8s/surveyattachment_styles_and_sexual_behaviours/.json 
2024-07-26 01:28:53,binocularbuyinadvice,svbony_sa_204_10x50_porro_prism_in_da_house,Ok_Alternative_4300,t2_vgjbg8kzw,06/21/24 04:06,1,1,https://www.reddit.com/r/binocularbuyinadvice/comments/1dkyr32/svbony_sa_204_10x50_porro_prism_in_da_house/.json 
2024-07-26 01:29:08,China,the_chinese_people_protested_japans_appropriation,SWR1000,t2_kg3cr7v34,06/21/24 01:29,2,3,https://www.reddit.com/r/China/comments/1dkwfpq/the_chinese_people_protested_japans_appropriation/.json 
2024-07-26 01:29:28,ask,why_are_there_so_many_chinese_people_working_in,Ok_Interest_5919,t2_vwpm9hf70,06/20/24 20:32,1,6,https://www.reddit.com/r/ask/comments/1dkr15q/why_are_there_so_many_chinese_people_working_in/.json 
2024-07-26 01:29:54,chinalife,expericing_discrimination_in_china_any_insight,weeyummy1,t2_6ra0v,06/20/24 12:57,0,71,https://www.reddit.com/r/chinalife/comments/1dkgleo/expericing_discrimination_in_china_any_insight/.json 
2024-07-26 01:30:10,chinalife,why_do_some_chinese_people_talk_so_loud,Puzzleheaded-Dog-188,t2_7o2c02th,06/20/24 06:50,6,69,https://www.reddit.com/r/chinalife/comments/1dk8o29/why_do_some_chinese_people_talk_so_loud/.json 
2024-07-26 01:30:46,Philippines,recently_there_has_been_a_lot_of_hostility,AstroZex,t2_t3bn1,06/20/24 02:48,0,30,https://www.reddit.com/r/Philippines/comments/1dk58uj/recently_there_has_been_a_lot_of_hostility/.json 
2024-07-26 01:31:01,Manhua,how_mc_make_enemies_in_cultivation_manhua,Impressive-King-832,t2_852qwh71,06/20/24 02:13,4,4,https://www.reddit.com/r/Manhua/comments/1dk4qfm/how_mc_make_enemies_in_cultivation_manhua/.json 
2024-07-26 01:31:16,China,how_to_meet_chinese_people_who_enjoy_having_fun,wontforget99,t2_iwrbsobo,06/20/24 00:39,0,11,https://www.reddit.com/r/China/comments/1dk3968/how_to_meet_chinese_people_who_enjoy_having_fun/.json 
2024-07-26 01:31:37,namenerds,need_help_with_name,ChummyYummy,t2_bcbinfgk,06/19/24 20:04,1,1,https://www.reddit.com/r/namenerds/comments/1djy2cy/need_help_with_name/.json 
2024-07-26 01:31:52,mongolia,ok_to_visit_to_mongolia,circletotheleft,t2_d63faw50,06/19/24 19:31,3,45,https://www.reddit.com/r/mongolia/comments/1djxczs/ok_to_visit_to_mongolia/.json 
2024-07-26 01:32:39,chinesenews,china_philippines_major_conflict_right_now,Dear_Temperature_402,t2_p4i7c01m4,06/19/24 09:34,0,1,https://www.reddit.com/r/chinesenews/comments/1djjbd6/china_philippines_major_conflict_right_now/.json 
2024-07-26 01:34:21,guangzhou,my_phone_got_stolen,DYNABYTE_0,t2_49t3ebdg,06/18/24 23:07,7,25,https://www.reddit.com/r/guangzhou/comments/1dj942r/my_phone_got_stolen/.json 
2024-07-26 01:34:36,Renters,would_the_rtb_support_me_in_this_situation,Vera0826,t2_pmd4a094e,06/18/24 21:27,1,1,https://www.reddit.com/r/Renters/comments/1dj76z8/would_the_rtb_support_me_in_this_situation/.json 
2024-07-26 01:34:52,Columbus,looking_to_meet_other_chinese_people_in_the_area,bedrockitty,t2_111ncevtca,06/18/24 20:57,17,9,https://www.reddit.com/r/Columbus/comments/1dj6lhd/looking_to_meet_other_chinese_people_in_the_area/.json 
2024-07-26 01:35:18,classicalchinese,how_much_history_has_chinese_lost_by_being,Lingcuriouslearner,t2_vl8rbk028,06/18/24 18:53,9,27,https://www.reddit.com/r/classicalchinese/comments/1dj3z5v/how_much_history_has_chinese_lost_by_being/.json 
2024-07-26 01:35:38,Helmets,remember_when_the_chinese_peoples_army_liberated,DonMatteoh,t2_ifclf84r,06/18/24 17:57,0,4,https://reddit.com/r/fakemilitaria/comments/1dj2qd1/remember_when_the_chinese_peoples_army_liberated/.json 
2024-07-26 01:36:09,southpark,the_china_probrem,LargePerm,t2_63d7slx,06/18/24 14:03,22,9,https://reddit.com/r/southpark/comments/1dix621/the_china_probrem/.json 
2024-07-26 01:36:45,ChineseMedicine,continued_tcm_diet_book_reading,Remey_Mitcham,t2_9wkp3oyln,06/18/24 10:27,2,5,https://www.reddit.com/r/ChineseMedicine/comments/1dis0eb/continued_tcm_diet_book_reading/.json 
2024-07-26 01:37:16,ChatGPT,thoughts_on_europes_ai_regulations,ahmetcan88,t2_2y16k4dv,06/18/24 08:40,0,12,https://www.reddit.com/r/ChatGPT/comments/1dipojv/thoughts_on_europes_ai_regulations/.json 
2024-07-26 01:37:31,WarshipPorn,type_074_yuhaiclass_landing_ship_lst_was_used_as,BostonLesbian,t2_8iey2sot,06/18/24 06:13,42,3,https://reddit.com/r/WarshipPorn/comments/1din5jl/type_074_yuhaiclass_landing_ship_lst_was_used_as/.json 
2024-07-26 01:37:57,mandarin,mandarin_doubt,Fit-Row7906,t2_x6owt8iem,06/18/24 03:33,1,4,https://www.reddit.com/r/mandarin/comments/1dikwek/mandarin_doubt/.json 
2024-07-26 01:38:33,chinalife,international_student_want_to_study_in_china,Existing_Ad4468,t2_is9eyzi33,06/17/24 19:24,5,21,https://www.reddit.com/r/chinalife/comments/1dic6kj/international_student_want_to_study_in_china/.json 
2024-07-26 01:39:09,PetPeeves,people_assuming_im_chinese_and_being_mad_that_im,skyrimlo,t2_5rkc4i77,06/17/24 13:08,84,82,https://www.reddit.com/r/PetPeeves/comments/1di39xx/people_assuming_im_chinese_and_being_mad_that_im/.json 
2024-07-26 01:39:50,China,what_is_the_perception_of_chinese_people_towards,17brian,t2_a971x8ob,06/17/24 11:41,0,11,https://www.reddit.com/r/China/comments/1di16bh/what_is_the_perception_of_chinese_people_towards/.json 
2024-07-26 01:40:13,ChineseLanguage,facing_harassment_from_natives_when_studying,Rupietos,t2_jk6kx02g,06/17/24 08:51,380,185,https://www.reddit.com/r/ChineseLanguage/comments/1dhxaqi/facing_harassment_from_natives_when_studying/.json 
2024-07-26 01:40:48,god,the_greatest_creators_judgment_of_humanity_occurs,jenajiejing,t2_abd4cm24x,06/17/24 04:28,3,3,https://www.reddit.com/r/god/comments/1dht67u/the_greatest_creators_judgment_of_humanity_occurs/.json 
2024-07-26 01:41:04,WarshipPorn,recent_images_chinese_peoples_liberation_army,BostonLesbian,t2_8iey2sot,06/17/24 03:30,122,24,https://reddit.com/r/WarshipPorn/comments/1dhsdgc/recent_images_chinese_peoples_liberation_army/.json 
2024-07-26 01:41:39,TMPOC,being_the_only_asian_in_a_group_or_perhaps_one_of,Arktikos02,t2_r7uww8zo,06/17/24 02:56,34,15,https://www.reddit.com/r/TMPOC/comments/1dhrw6e/being_the_only_asian_in_a_group_or_perhaps_one_of/.json 
2024-07-26 01:43:46,fucktheccp,write_your_message,Creepy_Trouble_1733,t2_gbmvum822,06/16/24 20:25,36,3,https://reddit.com/r/fucktheccp/comments/1dhlez8/write_your_message/.json 
2024-07-26 01:44:12,rickygervais,euro_2024_rockbusters,RoutineApplication52,t2_u2m22wcq,06/16/24 16:51,9,14,https://www.reddit.com/r/rickygervais/comments/1dhh0ht/euro_2024_rockbusters/.json 
2024-07-26 01:44:33,ChineseLanguage,mandarin_r_sound,sianrhiannon,t2_7chz6ok1,06/16/24 16:09,10,31,https://www.reddit.com/r/ChineseLanguage/comments/1dhg3ff/mandarin_r_sound/.json 
2024-07-26 01:44:48,uhealthmedicinet,health_daily_news_june_15_2024,healthmedicinet,t2_9l0y8vqa,06/16/24 13:21,1,1,https://www.reddit.com/r/u_healthmedicinet/comments/1dhcgec/health_daily_news_june_15_2024/.json 
2024-07-26 01:45:04,mixedrace,do_you_have_different,YetAnotherMia,t2_l5v0ejrt,06/16/24 12:38,15,11,https://www.reddit.com/r/mixedrace/comments/1dhbiv3/do_you_have_different/.json 
2024-07-26 01:45:39,SatoshiStreetBets,kero_an_insane_community_forming,hanitozao123,t2_3oc0kp50,06/16/24 09:27,0,4,https://www.reddit.com/r/SatoshiStreetBets/comments/1dh7l8p/kero_an_insane_community_forming/.json 
2024-07-26 01:45:54,AllCryptoBets,kero_an_insane_community_forming,hanitozao123,t2_3oc0kp50,06/16/24 09:27,6,5,https://www.reddit.com/r/AllCryptoBets/comments/1dh7kqd/kero_an_insane_community_forming/.json 
2024-07-26 01:46:09,CryptoGeneral,kero_an_insane_community_forming,hanitozao123,t2_3oc0kp50,06/16/24 09:26,11,6,https://www.reddit.com/r/Crypto_General/comments/1dh7k3r/kero_an_insane_community_forming/.json 
2024-07-26 01:46:25,shitcoinmoonshots,kero_an_insane_community_forming,hanitozao123,t2_3oc0kp50,06/16/24 09:24,9,11,https://www.reddit.com/r/shitcoinmoonshots/comments/1dh7jbz/kero_an_insane_community_forming/.json 
2024-07-26 01:46:40,Memecoinhub,kero_an_insane_community_forming,hanitozao123,t2_3oc0kp50,06/16/24 09:23,9,10,https://www.reddit.com/r/Memecoinhub/comments/1dh7iou/kero_an_insane_community_forming/.json 
2024-07-26 01:46:55,CryptoMoonShots,kero_an_insane_community_forming,hanitozao123,t2_3oc0kp50,06/16/24 09:22,11,6,https://www.reddit.com/r/CryptoMoonShots/comments/1dh7htx/kero_an_insane_community_forming/.json 
2024-07-26 01:47:10,MoonShotsCrypto,kero_an_insane_community_forming,hanitozao123,t2_3oc0kp50,06/16/24 09:22,12,13,https://www.reddit.com/r/MoonShotsCrypto/comments/1dh7hgt/kero_an_insane_community_forming/.json 
2024-07-26 01:47:26,memecoins,kero_an_insane_community_forming,hanitozao123,t2_3oc0kp50,06/16/24 09:21,13,18,https://www.reddit.com/r/memecoins/comments/1dh7h6v/kero_an_insane_community_forming/.json 
2024-07-26 01:47:52,ChineseLanguage,quite_possibly_the_worst_theory_for_chinese,StanislawTolwinski,t2_9iextuje,06/16/24 05:54,200,70,https://www.reddit.com/r/ChineseLanguage/comments/1dh48dv/quite_possibly_the_worst_theory_for_chinese/.json 
2024-07-26 01:48:07,mixedrace,incel_asians_and_their_obsession_with_hapas,pizzaseafood,t2_15ezxx,06/16/24 05:30,88,66,https://www.reddit.com/r/mixedrace/comments/1dh3x2q/incel_asians_and_their_obsession_with_hapas/.json 
2024-07-26 01:48:23,laos,laos_is_becoming_an_unofficial_colony_of_china,cheesomacitis,t2_r6q3gyvp,06/16/24 04:05,91,100,https://www.reddit.com/r/laos/comments/1dh2tcn/laos_is_becoming_an_unofficial_colony_of_china/.json 
2024-07-26 01:49:50,China,solo_travel_in_hainan,andres_mullen,t2_6h0cifim,06/15/24 21:12,2,5,https://www.reddit.com/r/China/comments/1dgwdue/solo_travel_in_hainan/.json 
2024-07-26 01:50:06,chinalife,solo_travel_in_hainan,andres_mullen,t2_6h0cifim,06/15/24 19:56,5,13,https://www.reddit.com/r/chinalife/comments/1dgv09c/solo_travel_in_hainan/.json 
2024-07-26 01:50:26,HonkaiStarRail,acheron_etymology,altergeistmultifaker,t2_t74zn5s0w,06/15/24 10:18,5,3,https://www.reddit.com/r/HonkaiStarRail/comments/1dgizkd/acheron_etymology/.json 
2024-07-26 01:50:42,INTP,how_can_i_handle_the_politic_depression,Opening_sente,t2_p382fn9c,06/15/24 09:52,75,58,https://www.reddit.com/r/INTP/comments/1dgigq0/how_can_i_handle_the_politic_depression/.json 
2024-07-26 01:51:07,copenhagen,looking_for_shops_where_you_can_buy_everything,dragonflea1998,t2_3l813jct,06/15/24 05:53,0,8,https://www.reddit.com/r/copenhagen/comments/1dgeigc/looking_for_shops_where_you_can_buy_everything/.json 
2024-07-26 01:51:22,SpotOnEncryption,downloading_with_from_cryptographic_torrents_a,Maleficent-Yam5238,t2_wk4obuybl,06/15/24 04:04,1,1,https://www.reddit.com/r/Spot_On_Encryption/comments/1dgd1ow/downloading_with_from_cryptographic_torrents_a/.json 
2024-07-26 01:51:37,ninebot,chinese_speak_cantonese,PathJust8447,t2_o7s2v7bd7,06/15/24 01:30,0,5,https://www.reddit.com/r/ninebot/comments/1dgasyi/chinese_speak_cantonese/.json 
2024-07-26 01:51:53,ADVChina,dragon_man,Significancefl1331,t2_4fhi1lae,06/15/24 00:46,3,4,https://www.reddit.com/r/ADVChina/comments/1dga4r4/dragon_man/.json 
2024-07-26 01:52:23,uLeatherRutabaga828,the_reality_of_korea_and_some_chinese_lies,Leather_Rutabaga_828,t2_nif3jtsgb,06/14/24 17:51,1,1,https://www.reddit.com/r/u_Leather_Rutabaga_828/comments/1dg2at1/the_reality_of_korea_and_some_chinese_lies/.json 
2024-07-26 01:53:19,gedmatch,if_a_person_is_fully_chinese_would_he_still_find,Double-Membership-31,t2_6bk9er2x,06/14/24 08:34,8,4,https://www.reddit.com/r/gedmatch/comments/1dfpr41/if_a_person_is_fully_chinese_would_he_still_find/.json 
2024-07-26 01:53:46,classicalcirclejerk,giacomo_puccini_is_racist,rphxxyt,t2_53agg0k0,06/14/24 06:40,69,27,https://www.reddit.com/r/classical_circlejerk/comments/1dfntxp/giacomo_puccini_is_racist/.json 
2024-07-26 01:54:01,uNarrow-Sound5462,ruthless_pursuit_produced_by_abc_i_have_to_give,Narrow-Sound5462,t2_12gmmiulv3,06/14/24 05:50,1,1,https://www.reddit.com/r/u_Narrow-Sound5462/comments/1dfn3ke/ruthless_pursuit_produced_by_abc_i_have_to_give/.json 
2024-07-26 01:54:16,uMedical-Expert-4792,ruthless_pursuit_produced_by_abc_i_have_to_give,Medical-Expert-4792,t2_12gli9au5q,06/14/24 05:37,1,1,https://www.reddit.com/r/u_Medical-Expert-4792/comments/1dfmxd7/ruthless_pursuit_produced_by_abc_i_have_to_give/.json 
2024-07-26 01:54:31,FFIE,ff_will_officially_hold_a_bridge_strategy_press,bixiaobo,t2_11gkio4fn1,06/14/24 03:41,118,9,https://www.reddit.com/r/FFIE/comments/1dflch6/ff_will_officially_hold_a_bridge_strategy_press/.json 
