Subject ID,Affiliation,Number of Followers,Before Corpus,Before List of Likes,Before List of Retweets,After Corpus,After List of Likes,After List of Retweets
97,Democratic Party,75700,"['Every resident in East Palestine, OH should receive Medicare For All. Libby, Montana, was able to do this due to asbestos. Their property value has also decreased and theyve experienced pain and suffering.  FYI, Norfolk Southern donates to BOTH parties!']",[1322],[488],"['Ilhan Omar: ""If you really wanted a ceasefire, youd just stop sending the weapons. It is that simple""  Spot on.', 'They were not Israelis. They were Arab Druze. You need to issue a retraction.']","[1275, 2264]","[429, 681]"
92,Democratic Party,1000000,"['Dershowitz said Trump asked him at dinner why only 27% of Jews voted for him when he strongly supported Israel. Dersh said he told Trump Jews also care about gay rights, abortion, climate change, gun control and separation of church and state, and he was terrible on those.', 'Rep. Troy Nehls is in E. Palestine and assures everyone that the city’s water is safe to drink, then demonstrates it by drinking a cup of tap water from the China Cafe. “The Fire Chief, everybody says the water is clean to drink.”', 'For every Repub trying to blame the Admin for E. Palestine, I continue to cite Steve Bannon, who again today placed the blame every step of the way on DeWine & Norfolk Southern. Says the RR and DeWine did release & burn of chems because they wanted to clear tracks ASAP to get', 'Right-wing “independent journalist” who flew in to Maui (he also went into E. Palestine) after the fire is confronted by angry residents while live on Steve Bannon’s show, who said he is exploiting them for politics and using up precious resources.', 'Dershowitz said Trump asked him at dinner why only 27% of Jews voted for him when he strongly supported Israel. Dersh said he told Trump Jews also care about gay rights, abortion, climate change, gun control and separation of church and state, and he was terrible on those.', 'For every Repub trying to blame the Admin for E. Palestine, I continue to cite Steve Bannon, who again today placed the blame every step of the way on DeWine & Norfolk Southern. Says the RR and DeWine did release & burn of chems because they wanted to clear tracks ASAP to get', 'Rep. Troy Nehls is in E. Palestine and assures everyone that the city’s water is safe to drink, then demonstrates it by drinking a cup of tap water from the China Cafe. “The Fire Chief, everybody says the water is clean to drink.”', 'Right-wing “independent journalist” who flew in to Maui (he also went into E. Palestine) after the fire is confronted by angry residents while live on Steve Bannon’s show, who said he is exploiting them for politics and using up precious resources.', 'Dershowitz said Trump asked him at dinner why only 27% of Jews voted for him when he strongly supported Israel. Dersh said he told Trump Jews also care about gay rights, abortion, climate change, gun control and separation of church and state, and he was terrible on those.', 'For every Repub trying to blame the Admin for E. Palestine, I continue to cite Steve Bannon, who again today placed the blame every step of the way on DeWine & Norfolk Southern. Says the RR and DeWine did release & burn of chems because they wanted to clear tracks ASAP to get', 'Rep. Troy Nehls is in E. Palestine and assures everyone that the city’s water is safe to drink, then demonstrates it by drinking a cup of tap water from the China Cafe. “The Fire Chief, everybody says the water is clean to drink.”', 'Right-wing “independent journalist” who flew in to Maui (he also went into E. Palestine) after the fire is confronted by angry residents while live on Steve Bannon’s show, who said he is exploiting them for politics and using up precious resources.']","[1337, 7409, 1012, 25397, 7377, 1331, 1578, 25253, 7417, 1338, 2024, 25418]","[303, 1887, 208, 6635, 1882, 305, 420, 6617, 1888, 305, 485, 6637]","['How odd for Trump to Blame America First for an act of terrorism in Israel, without a word of accountability instead for his good friend Benjamin Netanyahu, who actually runs that country.', 'The Republican Party wants to give Benjamin Netanyahu a blank check to do whatever he wants in Gaza with no oversight or questions asked. The fact that most Democrats disagree with that does not make them anti-Semitic. A large percentage of Jewish Democrats disagree with that.', 'MAGA, Trump & Vance have been telling us that the U.S. shouldn’t police the world and solve issues happening in other countries. But I guess this attack inside Israel is now America’s fault, and not Benjamin Netanyahu’s. I’m struggling to understand this ‘America First’ thing.', 'Trump to Netanyahu today: “No president has done what I’ve done for Israel.”', 'The Republican Party wants to give Benjamin Netanyahu a blank check to do whatever he wants in Gaza with no oversight or questions asked. The fact that most Democrats disagree with that does not make them anti-Semitic. A large percentage of Jewish Democrats disagree with that.', 'On US peace negotiations between Israel and Gaza: “The reporting is that former President Trump is on the phone with the PM of Israel urging him not to cut a deal right now because it’s believed that would help the Harris campaign.”', 'In Israel with a bipartisan delegation of US Senators, Lindsey Graham goes off on a Newsmax reporter asking him to condemn Rashida Tlaib: “You’re not going to screw this up! Get this guy out of here!”', 'How odd for Trump to Blame America First for an act of terrorism in Israel, without a word of accountability instead for his good friend Benjamin Netanyahu, who actually runs that country.', 'Trump to Netanyahu today: “No president has done what I’ve done for Israel.”', 'On US peace negotiations between Israel and Gaza: “The reporting is that former President Trump is on the phone with the PM of Israel urging him not to cut a deal right now because it’s believed that would help the Harris campaign.”', 'In Israel with a bipartisan delegation of US Senators, Lindsey Graham goes off on a Newsmax reporter asking him to condemn Rashida Tlaib: “You’re not going to screw this up! Get this guy out of here!”', 'The Republican Party wants to give Benjamin Netanyahu a blank check to do whatever he wants in Gaza with no oversight or questions asked. The fact that most Democrats disagree with that does not make them anti-Semitic. A large percentage of Jewish Democrats disagree with that.', 'Javanka on scene to negotiate an end to the conflict in Israel.', 'Kushner Kleanup Time: Please ignore my previous comments that waterfront property in Gaza “could be very valuable.” I’m all about the welfare of the Palestinian people. Thank you. End of statement.', 'In a few more hours, MAGA can come out of their bunkers, take off the camo, put their AR-15s, flamethrowers and grenades up, because the global day of jihad will be over.', 'This is a very thoughtful, measured and perfect statement to make. Delivering it in Israel makes it even more powerful. It is inconceivable that Trump could ever make such a statement.', 'Biden: I caution this while you feel that rage, dont be consumed by it. After 9/11, we were enraged in the US. While we sought justice and got justice, we also made mistakes… The vast majority of Palestinians are not Hamas. Hamas does not represent the Palestinian people.', 'The pro-Hamas account ‘Iran Observer’ is promoting Trump’s speech last night where he called Hezbollah “a very smart organization.” Story …', 'MAGA, Trump & Vance have been telling us that the U.S. shouldn’t police the world and solve issues happening in other countries. But I guess this attack inside Israel is now America’s fault, and not Benjamin Netanyahu’s. I’m struggling to understand this ‘America First’ thing.', 'Rudy says we should have sent Navy SEALs and Army Rangers into Gaza to rescue the hostages.']","[1520, 2370, 1244, 1440, 2369, 34866, 3056, 1523, 1442, 34702, 3040, 2359, 4799, 1106, 2005, 5266, 1402, 1236, 1049, 5784]","[363, 703, 229, 476, 702, 18715, 597, 363, 477, 18719, 599, 701, 762, 315, 228, 1039, 712, 226, 344, 1435]"
52,Democratic Party,1300000,"['Even Fox News knows that the deregulation by the trump admin were the cause of the disaster in East Palestine, OH. And Elaine Chao never visited train derailment sites, even when there were fatalities.', 'OOPS! Looks like Fox News allowed a bit of truth to slip into their coverage of the train derailment story in East Palestine, OH — theyre blaming trump!!!  Be a real shame if everyone retweeted this.', 'Even Fox News knows that the deregulation by the trump admin were the cause of the disaster in East Palestine, OH. And Elaine Chao never visited train derailment sites, even when there were fatalities.', 'OOPS! Looks like Fox News allowed a bit of truth to slip into their coverage of the train derailment story in East Palestine, OH — theyre blaming trump!!!  Be a real shame if everyone retweeted this.']","[1069, 24343, 1078, 24557]","[314, 16978, 315, 17047]","['While Democrats push for ceasefire and humanitarian aid in Gaza, Republicans like Rep. Tim Walberg call for the slaughters of Palestinian children, ""It should be like Nagasaki and Hiroshima.""  This should be a much bigger story.', 'Israel has a right to exist. Palestine has a right to exist. A two-state solution is the ONLY way forward. BOTH need to be free of terrorist violence, retaliatory violence, settler violence, and occupier violence. Free of violence, PERIOD.  Both sides have suffered tremendous', 'WOW.  Senator Chuck Schumer called Benjamin Netanyahu ""an obstacle to peace,"" and ""too willing to tolerate the civilian toll in Gaza,"" and called for Israel to hold new elections to replace him.  Senator Schumer is 100% right.', 'While Democrats push for ceasefire and humanitarian aid in Gaza, Republicans like Rep. Tim Walberg call for the slaughters of Palestinian children, ""It should be like Nagasaki and Hiroshima.""  This should be a much bigger story.', 'BREAKING: Hamas has tentatively accepted the ceasefire proposal!!!!!', 'As a Muslim,  a father,  a brother, a son, an American, and a human being  I am APPALLED at the heinous, horrendous attacks against civilians in Israel this weekend. You dont need to fit neatly into ANY category besides ""decent human being"" to condemn the atrocities we saw', 'Israel has a right to exist. Palestine has a right to exist. A two-state solution is the ONLY way forward. BOTH need to be free of terrorist violence, retaliatory violence, settler violence, and occupier violence. Free of violence, PERIOD.  Both sides have suffered tremendous', 'WOW.  Senator Chuck Schumer called Benjamin Netanyahu ""an obstacle to peace,"" and ""too willing to tolerate the civilian toll in Gaza,"" and called for Israel to hold new elections to replace him.  Senator Schumer is 100% right.', 'While Democrats push for ceasefire and humanitarian aid in Gaza, Republicans like Rep. Tim Walberg call for the slaughters of Palestinian children, ""It should be like Nagasaki and Hiroshima.""  This should be a much bigger story.', 'CEASEFIRE IN GAZA RIGHT FUCKING NOW,  AND NETANYAHU RESIGN.  Everyone should be calling for this.', 'Israel has a right to exist. Palestine has a right to exist. A two-state solution is the ONLY way forward. BOTH need to be free of terrorist violence, retaliatory violence, settler violence, and occupier violence. Free of violence, PERIOD.  Both sides have suffered tremendous', 'WOW.  Senator Chuck Schumer called Benjamin Netanyahu ""an obstacle to peace,"" and ""too willing to tolerate the civilian toll in Gaza,"" and called for Israel to hold new elections to replace him.  Senator Schumer is 100% right.']","[3900, 5003, 29181, 3901, 5852, 15884, 5008, 29184, 3884, 8496, 4975, 28988]","[2146, 1190, 7332, 2149, 612, 2544, 1192, 7337, 2133, 2079, 1181, 7299]"
87,Democratic Party,587700,"['CNN had a literal lobbyist for Norfolk Southern on their panel to talk about East Palestine and didnt disclose it.', 'A provision in Obamacare allows residents in areas deemed a public health disaster to be covered by Medicare for life. At the very least, East Palestine residents deserve this universal coverage after being exposed to a known carcinogen.', 'Whatever you think of the SVB bailout, I want you to really sit with the fact that rich VC’s just got an Insta bailout while the people of East Palestine can’t even get a straight answer as to whether their kids have been poisoned.', 'CNN had a literal lobbyist for Norfolk Southern on their panel to talk about East Palestine and didnt disclose it.', 'A provision in Obamacare allows residents in areas deemed a public health disaster to be covered by Medicare for life. At the very least, East Palestine residents deserve this universal coverage after being exposed to a known carcinogen.']","[4215, 1991, 14437, 4236, 2000]","[1211, 457, 3108, 1220, 459]","['The targeting of Al Shifa hospital, is also likely to make it even more difficult (impossible?) to track Palestinian deaths and injuries as the office of the person who tracks and reports this data is located at the hospital. …', '274 Palestinians killed in a bloody massacre to rescue 4 Israelis (and possibly kill others) and this is being celebrated by US politicians as a win. Depraved.', 'Bibi’s been the main obstacle to a ceasefire the entire time so he can fuck right off with this hissy fit over some long overdue mild criticism.', 'Israeli Prime Minister Benjamin Netanyahu was upset by Vice President Kamala Harris on camera statement after their meeting & is concerned it will harm negotiations over a Gaza hostage & ceasefire deal, per Israeli official. My story on @axios …', 'This is exactly the sort of abhorrent logic Hamas used to justify their slaughter of innocent Israelis', 'The targeting of Al Shifa hospital, is also likely to make it even more difficult (impossible?) to track Palestinian deaths and injuries as the office of the person who tracks and reports this data is located at the hospital. …', 'IDF Spokesman Daniel Hagari rebukes Netanyahu and admits defeating Hamas is impossible:  ""Hamas is an idea, Hamas is a political party. It is rooted in the hearts of people – whoever thinks we can eliminate Hamas is mistaken."" …', 'In this article about Israels mass maiming of children in Gaza, CNN fails to mention a single time that Israel is responsible for the fact that 10 kids are losing limbs every day. Instead they talk about ""blast wounds"" with zero responsibility assigned. …']","[1753, 10846, 3408, 1704, 8826, 1747, 1266, 2145]","[670, 3168, 591, 520, 2242, 666, 480, 717]"
62,Democratic Party,1500000,"['A direct threat against American Jews by a disgraced and addled former President of the United States in 2022.', 'Today, I visited the oldest synagogue in continuous use in the Western Hemisphere. The first Jew prayed here in 1732, the year that George Washington was born. Today, McCarthy met with antisemite Paul Gosar. What do you call someone who seeks power with the aid of antisemites?”', '""There is no deal between the United States, Bibi Netanyahu’s extremist and anti-democratic coalition and MBS that should ever be ratified by the United States Senate. Ever.""  More on why the United States of America should never sign a mutual defense pact with the Saudi regime:', '4. Hatred, Lies and scapegoating are on the ballot as is a growing and dangerous menace of antisemitism.   The American experiment has been under a growing assault for seven years. It is not abating and it has become a frontal assault that is occurring in broad daylight.']","[1223, 1420, 1420, 1238]","[251, 459, 459, 254]","['""The corruption of one man in Israel has brought the whole world to the brink of war because his corruption and weakness stirred evil, and when evil sees weakness, it strikes.""  More on how corrupt politicians like Netanyahu and Trump threaten the world:', '""The corruption of one man in Israel has brought the whole world to the brink of war because his corruption and weakness stirred evil, and when evil sees weakness, it strikes.""  More on how corrupt politicians like Netanyahu and Trump threaten the world:', '""The prime minister, who has prided himself on his vast political experience and irreplaceable wisdom in security matters, completely failed to identify the dangers he was consciously leading Israel into when establishing a government of annexation and dispossession.""  These', '""The corruption of one man in Israel has brought the whole world to the brink of war because his corruption and weakness stirred evil, and when evil sees weakness, it strikes.""  More on how corrupt politicians like Netanyahu and Trump threaten the world:']","[4262, 4259, 13223, 4230]","[1588, 1586, 4037, 1580]"
65,Democratic Party,1600000,"['The purpose of terrorism is to terrorize.', 'I know a few people in Israel right now wondering something.  Ill just say this: WE FUCKING WARNED YOU.', 'I know a few people in Israel right now wondering something.  Ill just say this: WE FUCKING WARNED YOU.', 'The purpose of terrorism is to terrorize.', 'I know a few people in Israel right now wondering something.  Ill just say this: WE FUCKING WARNED YOU.']","[6283, 6283, 6242, 6289, 3502]","[732, 732, 730, 732, 460]","['If you think its bad thing that the leaders of Hamas and Hezbollah got whacked yesterday, just unfollow.', 'No, he doesnt.   This is a war of aggression and genocide targeting civilians brought about by Vladimir Putin and his corrupt regime, and hes clearly fine with it.', 'They put ""Israeli"" in quotes for a little more license to attack and dehumanize them. …', 'If you think its bad thing that the leaders of Hamas and Hezbollah got whacked yesterday, just unfollow.', 'BREAKING:  Islamist terror attack likely targeting Taylor Swift concert in Austria foiled.  The authorities revealed that the IS supporting terrorists where planning to detonate, most likely at one of the three Taylor Swift concerts taking place in Vienna this weekend.  2 men', 'No, he doesnt.   This is a war of aggression and genocide targeting civilians brought about by Vladimir Putin and his corrupt regime, and hes clearly fine with it.', 'If you think its bad thing that the leaders of Hamas and Hezbollah got whacked yesterday, just unfollow.', 'My most interesting takeaway from the Hamas hospital own goal story just how rapidly an American anti-Israel horseshoe of far-right and far-left voices merged to echo Hamas propaganda.']","[3334, 1634, 2311, 3333, 1633, 2308, 3309, 3046]","[315, 304, 218, 317, 304, 218, 316, 658]"
36,Democratic Party,336700,"['6 months ago, Donald Trump did a photo op in East Palestine & then demanded Congress pass a rail safety bill.  Then the company that made the toxic chemical in the disaster gave $2 million to Trumps party & his partys lawmakers are now blocking the bill.', 'NEWS: The maker of the toxic chemicals in the East Palestine derailment gave $2 MILLION to the Senate GOP super PAC as Republicans weakened & stalled rail safety legislation.   The chemical industry’s lobby group also gave $250K to House GOP’s super PAC.']","[3652, 1739]","[1700, 848]","['MUST READ: Right-wing Israel advocacy groups intervened in Democratic primaries to crush progressives, including a pro-Israel Jewish Democratic congressman.  The tactic has helped deter Democratic congressional opposition to Israels war in Gaza.', 'I am disgusted — but not surprised — that the Joe Biden who used his Democratic Party position to help lead America into the Iraq War is doing nothing to halt a potential genocide in Gaza.   The White House’s refusal to do anything is totally unacceptable.']","[1125, 1061]","[421, 567]"
26,Democratic Party,571900,"['Fox News just threw Trump under the bus (or in this case, train) — pinning him with responsibility for the East Palestine disaster.', 'Republican leaders are telling 2 big lies about East Palestine — here’s the truth:', 'Fox News just threw Trump under the bus (or in this case, train) — pinning him with responsibility for the East Palestine disaster.', 'Republican leaders are telling 2 big lies about East Palestine — here’s the truth:', 'Fox News just threw Trump under the bus (or in this case, train) — pinning him with responsibility for the East Palestine disaster.', 'Republican leaders are telling 2 big lies about East Palestine — here’s the truth:']","[5640, 3649, 5600, 3625, 5646, 3648]","[1930, 1790, 1917, 1782, 1930, 1791]","['Donald Trump held a SUMMIT with Israeli Prime Minister Netanyahu.  As a private citizen. At Mar-a-Lago.   The Logan Act is a federal law forbidding private citizens from negotiating with foreign governments.  TRUMP IS BREAKING THE LAW — YET AGAIN', 'Trump usually spends the summer in Bedminster, New Jersey.  Yet he met with Netanyahu at Mar-a-Lago.  WHY?  Because he KNEW it was a violation of the Logan Act — and wanted to avoid being prosecuted by the Feds in New Jersey — whereas in Florida he could draw Aileen Cannon again.', 'BREAKING -- Joe Biden announces CEASEFIRE framework, with release of hostages, and with both Israel and Hamas in agreement.  Culmination of months of work by Biden and the State Department.  But sure, go ahead and tell me how Biden has declined and should quit the race.', 'BREAKING — CEASEFIRE APPROVED by Israel and Hamas, with mutual releases and a 4-day pause in fighting, which could be extended.  The deal was brokered by the US and Qatar, including personal involvement by President Biden.', 'The Rainbow Bridge crash was NOT a terrorist attack.   Anyone who says otherwise is LYING.  Anyone who continues to leave posts up saying otherwise is a purposeful trafficker of the drug of disinformation.', 'Donald Trump should be INDICTED — AGAIN.  PBS now reports Trump told Israeli Prime Minster Netanyahu to NOT agree to a cease fire because it would help Kamala Harris.  This is a violation of the Logan Act and should be investigated and prosecuted to the fullest extent of the law.', 'Donald Trump held a SUMMIT with Israeli Prime Minister Netanyahu.  As a private citizen. At Mar-a-Lago.   The Logan Act is a federal law forbidding private citizens from negotiating with foreign governments.  TRUMP IS BREAKING THE LAW — YET AGAIN', 'Donald Trump should be INDICTED — AGAIN.  PBS now reports Trump told Israeli Prime Minster Netanyahu to NOT agree to a cease fire because it would help Kamala Harris.  This is a violation of the Logan Act and should be investigated and prosecuted to the fullest extent of the law.', 'Trump usually spends the summer in Bedminster, New Jersey.  Yet he met with Netanyahu at Mar-a-Lago.  WHY?  Because he KNEW it was a violation of the Logan Act — and wanted to avoid being prosecuted by the Feds in New Jersey — whereas in Florida he could draw Aileen Cannon again.', 'Donald Trumps crime spree continues:  - Logan Act - pressuring Netanyahu to kill cease fire - RFK Jr. - promising job in exchange for endorsement - Logan Act - discussions with Putin on invading Ukraine - Holding campaign event at Arlington National Cemetery', 'Donald Trump held a SUMMIT with Israeli Prime Minister Netanyahu.  As a private citizen. At Mar-a-Lago.   The Logan Act is a federal law forbidding private citizens from negotiating with foreign governments.  TRUMP IS BREAKING THE LAW — YET AGAIN', 'Why is there not a cease fire in the Israel-Palestine war?  The #1 reason right now is because DONALD TRUMP has illegally lobbied Israeli prime minister Benjamin Netanyahu to refuse a cease fire because it would help Harris -- in blatant violation of the Logan Act.  THATS why.', 'Donald Trump should be INDICTED — AGAIN.  PBS now reports Trump told Israeli Prime Minster Netanyahu to NOT agree to a cease fire because it would help Kamala Harris.  This is a violation of the Logan Act and should be investigated and prosecuted to the fullest extent of the law.', 'Donald Trumps crime spree continues:  - Logan Act - pressuring Netanyahu to kill cease fire - RFK Jr. - promising job in exchange for endorsement - Logan Act - discussions with Putin on invading Ukraine - Holding campaign event at Arlington National Cemetery', 'BREAKING -- Joe Biden announces CEASEFIRE framework, with release of hostages, and with both Israel and Hamas in agreement.  Culmination of months of work by Biden and the State Department.  But sure, go ahead and tell me how Biden has declined and should quit the race.', 'BREAKING -- US and Israel will provide Patriot air defense systems to Ukraine, per a new deal that is near completion  This would TRIPLE the Ukrainian air defense and allow Ukraine to fully protect its major cities and strategic sites from Russian missiles  MASSIVE loss for Putin']","[104244, 24600, 25561, 4178, 3255, 63401, 104229, 63389, 24601, 22055, 103575, 6663, 63001, 21941, 25408, 1923]","[31318, 8356, 8086, 1086, 683, 18402, 31308, 18393, 8352, 9550, 31150, 3114, 18319, 9529, 8034, 650]"
75,Democratic Party,477600,['My daughter is at Hebrew school this morning while the former president is fomenting antisemitism. I am sad and mad and incredibly disappointed that so many suggest we should simply ignore him.   Ignoring problems doesn’t make them go away.'],[3510],[83],"['I despise Bibi.  I don’t think it’s a genocide.  I guarantee if they invited a Palestinian American to speak neither side would be satisfied.  All the speakers are in support of the nominee, not special interests.', 'The Israeli government put out this warning as did a friend of mine in Israel who is a mental health professional. This is very good advice. …', '""You see, when we say kill all Jews its aspirational. We dont actually mean it. unless its possible and then, of course, wed be all over it.""     Words have meaning. This mealy-mouthed bullshit excuse is pathetic. You know exactly what you are doing.']","[1568, 2340, 4235]","[595, 540, 683]"
50,Democratic Party,88800,"['You cannot say you care about women in Iran if you dont speak out for women in Palestine.', 'Get this: They found dioxin far above safe levels in East Palestine water and the federal gov wont clean it up because Obama killed EPA proposal requiring the gov to lower the threshold for cleanup.  Democrats ignored the science and people will die because of it.', 'You cannot say you care about women in Iran if you dont speak out for women in Palestine.', 'Get this: They found dioxin far above safe levels in East Palestine water and the federal gov wont clean it up because Obama killed EPA proposal requiring the gov to lower the threshold for cleanup.  Democrats ignored the science and people will die because of it.', 'Get this: They found dioxin far above safe levels in East Palestine water and the federal gov wont clean it up because Obama killed EPA proposal requiring the gov to lower the threshold for cleanup.  Democrats ignored the science and people will die because of it.']","[1471, 1471, 1464, 1464, 1472]","[642, 642, 642, 642, 642]","['They release this the day we find out that Israel bombed and killed 12 children from one family in a spree of bombings in Rafah last night.', 'Joe Biden just approved a billion dollars worth of bombs and bullets to go to Israel so they can slaughter Palestinians in Rafah.  So all you Democrats who said ""look,  Biden is putting his foot down with Israel"" - we know you - and your genocidal president-  were full of shit.', 'In Gaza, starving children are dying of hypothermia. Newborn babies of malnourished mothers are dying after a few days. This is famine, this is genocide and it all could have been stopped with one phone call from Joe Biden.', 'Are u fucking kidding me?? At least 400 Palestinians killed by Israel in a targeted attack on a refugee camp. Every US official supporting this has blood on their hands, but it starts at the top. Biden must resign. Blinken must resign. Not one penny more for Israel. #CeasefireNOW', 'Israel is increasing its attacks in the West Bank, an area not run by Hamas. The West Bank has no army and their citizens are defenseless. People are being forcibly removed from their homes, terrorized, arrested and shot. Bombs and bullets supplied by Kamala Harris and Joe Biden.', 'Israel is increasing its attacks in the West Bank, an area not run by Hamas. The West Bank has no army and their citizens are defenseless. People are being forcibly removed from their homes, terrorized, arrested and shot. Bombs and bullets supplied by Kamala Harris and Joe Biden.']","[1739, 1505, 1305, 5419, 1016, 1008]","[190, 619, 488, 2199, 741, 733]"
73,Democratic Party,418700,"['Imperialists often raise the example of WWII & accusations of genocide to justify war. (E.g. incubator babies in Kuwait). But does the left have a response to the question of how to identify a Hitler-level threat, & what to do about it? Must it?  …', 'Watch my full exchange with RFK Jr. in which I challenge his “unconditional” support of Israel in light of the international consensus that Israel is an apartheid state.', '""You want a presidential candidate. who has a backbone. If RFK Jr. thinks somehow that each Palestinian baby who was killed somehow was never in any way, intentional, deliberate, they didnt know what they were doing --he needs to really get off the crack pipe.""  Premiere', 'Imperialists often raise the example of WWII & accusations of genocide to justify war. (E.g. incubator babies in Kuwait). But does the left have a response to the question of how to identify a Hitler-level threat, & what to do about it? Must it?  …', 'Watch my full exchange with RFK Jr. in which I challenge his “unconditional” support of Israel in light of the international consensus that Israel is an apartheid state.']","[1479, 1476, 1814, 1479, 1825]","[341, 340, 549, 341, 558]","['The Ceasefire Shell Game (w/ @samhusseini)  Independent journalist Sam Husseini completely dismantles the state department narrative around the ceasefire negotiations, who’s at fault, & what the new UN report tells us about Israel’s use of rape, torture, & the Hannibal', 'Who does this guy think has been shutting down Grand Central, the Statue of Liberty etc?  Anyway, learn more about these courageous Jewish activists who are saying they don’t want war crimes committed in their name on the latest @BadFaithPod. #NotInMyName', 'Israel is definitionally a Jewish-supremacist ethno-state. If Arab Palestinians had equal rights in Israel & the right of return, Israel could start to claim its a democracy.   As it is, its an apartheid state thats just murdered 15,000 people in six weeks.   Whatever you call', 'This Week in Hasbara (w/ @AbbyMartin)  ""We cant forget that the Jerusalem Post run by @AviMayer, whos essentially a stenographer for the IDF hes essentially a military propagandist running one of the biggest newspapers in Israel. They had the audacity to try to discredit &', '""The court said this must happen: You, Israel must stop your offensive in Rafah period. It has nothing to do with Hamas is doing, it has nothing to do with anybody else is doing. It has nothing to do with what Israel says or doesnt say anything the court made an or the UN', 'The Ceasefire Shell Game (w/ @samhusseini)  Independent journalist Sam Husseini completely dismantles the state department narrative around the ceasefire negotiations, who’s at fault, & what the new UN report tells us about Israel’s use of rape, torture, & the Hannibal']","[1841, 5390, 8785, 1886, 1267, 1821]","[953, 1214, 1858, 812, 482, 944]"
53,Democratic Party,1400000,"['Yes, this is a real post from Donald Trump addressing ""liberal Jews who voted to destroy America & Israel.""', 'On Fox this week, while discussing the Ohio train derailment, Bret Baier noted that Trump and his Transportation Secretary, Elaine Chao, did not visit sites of derailments – including fatal ones, which East Palestines was not.', 'Leader Schumer: ""When the former President of the United States welcomes at his own dinner table several vicious antisemites and then, rather than apologize, he lectures American Jewish leaders for insufficient loyalty — it is incumbent on all of us to speak out.""']","[3124, 2579, 2347]","[1323, 554, 393]","['Breaking: Israels government has approved the outline of a deal to secure the release of some hostages held by Hamas.', 'Sen. Raphael Warnock is now calling for a ceasefire in Gaza.', 'CAIRO (AP) — Hamas announces it has accepted an Egyptian-Qatari cease-fire proposal.', 'BREAKING. Vice President Harris on Israel-Gaza:  ""Israel has a right to defend itself, and how it does so matters.""  ""The images of dead children and desperate, hungry people fleeing for safety, sometimes displaced for the second, third or fourth time — we cannot look away in the', 'According to the White House, President Biden spoke by phone with the family of the two Americans released today after being taken hostage by Hamas.', 'Sen. Raphael Warnock is now calling for a ceasefire in Gaza.', 'Secretary of State Antony Blinken says the U.S. has submitted a draft resolution to the UN Security Council calling ""for an immediate ceasefire"" in Gaza — ""tied to the release"" of hostages held by Hamas.', 'Breaking:  WASHINGTON (AP) — Biden says Im not supplying the weapons if Israel launches assault on Gazas Rafah, after US paused bomb shipment.', 'President Biden: ""I am outraged and heartbroken by the deaths of seven humanitarian workers from World Central Kitchen, including one American,\xa0in Gaza yesterday. They were providing food to hungry civilians in the middle of a war. They were brave and selfless. Their deaths are a', 'BREAKING. Vice President Harris on Israel-Gaza:  ""Israel has a right to defend itself, and how it does so matters.""  ""The images of dead children and desperate, hungry people fleeing for safety, sometimes displaced for the second, third or fourth time — we cannot look away in the', 'The U.K. government\xa0has reversed its opposition to the International Criminal Court seeking an arrest warrant against Israeli PM Benjamin Netanyahu.', 'Trump ranted last night about Gov. Josh Shapiro — calling him ""the highly overrated Jewish Governor"" and claiming he has done ""nothing for Israel.""  In response, White House spokesman Herbie Ziskend says: ""It is Antisemitic, dangerous, and hurtful to attack a fellow American by', 'BREAKING. Vice President Harris on Israel-Gaza:  ""Israel has a right to defend itself, and how it does so matters.""  ""The images of dead children and desperate, hungry people fleeing for safety, sometimes displaced for the second, third or fourth time — we cannot look away in the', 'Breaking:  WASHINGTON (AP) — Biden says Im not supplying the weapons if Israel launches assault on Gazas Rafah, after US paused bomb shipment.', 'Vice President Harris: ""President Biden and I are working to end this war such that Israel is secure, the hostages are released, the suffering in Gaza ends, and the Palestinian people can realize their right to dignity. Security. Freedom. And self-determination.""', 'The United Center breaks out in chants of Bring Them Home as the parents of Hersh Goldberg-Polin, an American hostage held by Hamas, speak at the DNC.']","[1983, 2739, 2603, 4119, 1826, 2740, 1773, 3974, 2749, 4118, 4567, 3419, 4101, 3955, 1720, 1895]","[239, 325, 557, 998, 242, 327, 496, 741, 653, 995, 1088, 781, 993, 739, 331, 312]"
51,Democratic Party,1100000,"['holy fucking shit, criticizing Israel is not antisemitic. what IS antisemitic is putting a holocaust-denying lunatic who thinks Jews control the weather on the Homeland Security Committee. sit the fuck down and shut the fuck up and spare us your fucking fake outrage', 'bro, fix the Nazi problem in your state. until then, you have no Jewish friends. stop pretending that you do', 'congratulations to the literally zero Republicans who have stood up to denounce Donald Trumps attack on American Jews. take a victory lap, you spineless fucking cowards', 'holy fucking shit, criticizing Israel is not antisemitic. what IS antisemitic is putting a holocaust-denying lunatic who thinks Jews control the weather on the Homeland Security Committee. sit the fuck down and shut the fuck up and spare us your fucking fake outrage']","[40744, 2460, 47821, 41093]","[6364, 241, 6761, 6388]","['I wrote a thing: ""oh look, the antisemites are now pretending to give a shit about antisemitism."" thanks for reading, and please sign onto my FREE mailing list to make sure you never miss a post —', 'hey, remember when you phoned up your despot bestie Netanyahu and told him not to accept a cease fire deal? ace job, homeslice. good thing your meddling caused no serious consequences, am I right', 'hey, remember when Jared Kushner brought peace to the Middle East? me neither', 'hey, remember when Jared Kushner brought lasting peace to the Middle East? me neither', 'Donald Trump praising Hamas is all the proof you need that the family of raccoons that live inside his head have finally chewed through all the wires']","[1547, 17257, 19943, 19332, 19262]","[438, 2079, 3345, 3442, 3570]"
14,Republican Party,222100,"['I am infinitely more concerned with the raging chemical fire in East Palestine OH then I am with NORAD playing whack-a-mole with balloons.', 'And while were on this subject, theres a difference between acknowledging that a celebrity said something foolish, and claiming the celebrity is responsible for violence.  Anyone whos going to do violence because Ye said something about Jews was already going to do violence.', 'I am infinitely more concerned with the raging chemical fire in East Palestine OH then I am with NORAD playing whack-a-mole with balloons.', 'Jew here.  Words mean things.  When everything is called antisemitic, it helps provide cover for actual antisemitism.']","[7543, 2010, 7545, 2482]","[1332, 84, 1332, 560]","['""Hamas, to my great regret, is Israel’s creation.""  These are the words of Avner Cohen, a former Israeli religious affairs official who worked in Gaza for decades.  As you watch the death and destruction that is currently unfolding in Israel and Palestine, its important for you', 'As recently as 2020, the Israeli government was begging Arab governments to continue funding Hamas.  Ask yourself why theyd do that.  Ask yourself why the most secure border on earth fell to people on paragliders.  Consider who this war benefits:  - Netanyahu, whose corruption']","[6409, 3425]","[2854, 1132]"
15,Republican Party,570400,"['If you were on a mission to create more antisemitism in this country, you couldn’t do a better job than the ADL.', 'Isn’t it crazy that almost no one in the political or media class talk about radical Islamic terrorism anymore. There’s no concern about it, and yet every emergency power that the government took in the name of terrorism, DHL, TSA, Patriot act, is just part of America now.', 'You cannot possibly compare NATOs interventions to Russias invasions. It requires both a deliberate ignorance of the scale and to deliberately ignore the history of Russian genocide in Ukraine.  Dont deliberately ignore the history of Russian genocide in Ukraine.', 'If you don’t support Israel, you ain’t black!', 'Bernie Sanders is approximately as Jewish as a ham sandwich topped with shrimp on lard bread x.com/OstrovA/statu…', 'Absolutely not! The ADL represents Jews in the same way that Fortune 500 CEOs represent men. It’s a tiny substratum that in no way represents the entire group.', 'If you were on a mission to create more antisemitism in this country, you couldn’t do a better job than the ADL.', 'Isn’t it crazy that almost no one in the political or media class talk about radical Islamic terrorism anymore. There’s no concern about it, and yet every emergency power that the government took in the name of terrorism, DHL, TSA, Patriot act, is just part of America now.', 'You cannot possibly compare NATOs interventions to Russias invasions. It requires both a deliberate ignorance of the scale and to deliberately ignore the history of Russian genocide in Ukraine.  Dont deliberately ignore the history of Russian genocide in Ukraine.']","[2577, 8286, 5401, 1809, 1015, 3086, 2577, 8284, 2946]","[228, 1572, 949, 112, 72, 380, 228, 1572, 450]","['For the amount of times it’s been demanded that I condemn this kid and having never done it, you’d think if he were going to come out and criticize me, he would at least have something to say other than “look at this guy believing in freedom while being Jewish.”  For the record,', 'So now we’re all going to pretend that Dave Smith is THE redpilled guy and not a libertarian Jew who is willing to talk about neocons and deflect accusations of antisemitism?  I like him but let’s be honest.', 'I don’t think there’s anything secret about it. Anyone can read “A clean break’ A major contributing factor to the neocons desire to remove Saddam was Israeli interests. And they were openly supportive of the war. Of course, that doesn’t absolve anyone.  My point is more that', '@ComicDaveSmith, the reason Jewish people call you a self-hating Jew is because youre completely quite on the ""protests"" on college campuses that are straight up calling for ""more Oct 7th 10,000 times"", &""Go home to Poland Jew"".  Youre vocal on many things, why quite on this?', 'As the Israeli assault on Gaza becomes even more transparently indefensible, I’d like to take on the three main “justifications” that I get the most.  1) They have to finish the job! Hamas must be defeated!  The obvious moral hypocrisy of believing that you are justified in', 'It’s pretty amazing. I’ve spent the last week talking about the conditions that led to the Hamas terrorist attack, mainly Israel’s occupation and Israel’s support of Hamas. I’ve been speaking out against the current war, where over a million children’s lives hang in the balance.', 'The Hamas attack on Israel was horrific, criminal and so stupid. It guarantees further suffering for their own people.  The problem in America is that most people have a simplistic view of the situation that is completely removed from reality. They assume normal relations and', 'Obviously the story of the day is Biden’s monumentally disastrous performance, and it should be, but can we take a moment to appreciate how unbelievably awful and cowardly Trump’s take on Israel was?  Seriously? Joe Biden, the life long Zionist who is currently funding the', 'I have admired many aspects of RFK’s campaign. His opposition to Covid tyranny, vax mandates, the Ukraine war and the deep state have been nothing short of heroic.   However, his support for the war in Gaza is disqualifying. We are THE antiwar, non-interventionist party and', 'If anyone spoke this way about Israeli children as they were being slaughtered what would your reaction be?', 'One of the quickest IQ tests on Twitter is when you make a logical analogy and someone responds with “those two situations aren’t exactly the same!”  Also, this guy just compared Hamas to the Nazis. See “DIFFERENT” is ok when you’re justifying the mass slaughter of babies.', 'Whats the difference between a ""poison pill"" as described here and giving Gaza funding to become independent while expecting they will fail? Dont they look and sound the same?']","[5891, 3825, 2045, 1780, 7861, 3947, 9217, 6540, 4907, 9284, 1166, 2285]","[287, 421, 130, 175, 1755, 294, 1314, 738, 483, 1395, 90, 227]"
57,Other,628500,"['The U.S. is doing what it always does, terrorize the world for corporate profits.   Here Seymour Hersh explains EXACTLY how the United States blew up The Nord Stream pipeline so US companies could sell more Natural Gas to Europe.    Were The Terrorists.  …', 'Videos like this make me forget he helped crush the railroad workers right to organize & strike, then abandoned the people of East Palestine while downplaying the disaster. Great video!', 'The U.S. is doing what it always does, terrorize the world for corporate profits.   Here Seymour Hersh explains EXACTLY how the United States blew up The Nord Stream pipeline so US companies could sell more Natural Gas to Europe.    Were The Terrorists.  …']","[5239, 2648, 5237]","[1465, 487, 1465]","['This is AMAZING. Watch as Trumps says it is not the Palestinians blocking peace, but   Netanyahu that doesnt want to make a  deal  & is BLOCKING A PEACE DEAL.   This confirms everyones suspicions that Netanyahus plan all along was to wipe out the Palestinians, move those that', 'It’s been like this since 1948, but modern day Zionists are such depraved blood thirsty maniacs that even Americans are waking up:', 'This is AMAZING. Watch as Trumps says it is not the Palestinians blocking peace, but   Netanyahu that doesnt want to make a  deal  & is BLOCKING A PEACE DEAL.   This confirms everyones suspicions that Netanyahus plan all along was to wipe out the Palestinians, move those that', 'It’s been like this since 1948, but modern day Zionists are such depraved blood thirsty maniacs that even Americans are waking up:', 'Here’s how Israel deals with Jews in Israel protesting against the Israel government.']","[8554, 1062, 8504, 1056, 4281]","[2987, 300, 2964, 296, 1647]"
61,Republican Party,328900,"['#NeverForget #NeverForgive   No plea deals for 9/11 terrorists!', '#NeverForget #NeverForgive   No plea deals for 9/11 terrorists!', '#NeverForget #NeverForgive   No plea deals for 9/11 terrorists!']","[1014, 1011, 1015]","[262, 263, 262]","['Philadelphia, PA - four masked men walked into Cafe Ole (Huntingdon) and proceeded to tear off the Israeli flag, while yelling “Free Palestine” as they left.   Police are investigating.']",[2489],[1393]
83,Republican Party,2700000,"['Biden gang walks back claim drone strike killed senior al-Qaeda leader  ""U.S. military officials are walking back claims that a recent strike in Syria killed an influential al-Qaeda figure, following assertions by the dead man’s family that he had no ties to terrorists but was a', 'Atlanta Mayor Says the Quiet Part Out Loud About Saturdays Leftist Terrorism in the City. “So make no mistake about it, these individuals meant harm to people and to property,”', 'Squad Democrat Ilhan Omars World Cup trip funded by Hamas-tied Qatar', 'OUTRAGE! On 9/11 of all days, Biden administration gives Irans terrorist regime ""waiver"" to get $6 billion in funds in exchange for release of 5 US prisoners held hostage by the terror regime. Biden will also release 5 Iranian prisoners from US custody.', 'Biden gang walks back claim drone strike killed senior al-Qaeda leader  ""U.S. military officials are walking back claims that a recent strike in Syria killed an influential al-Qaeda figure, following assertions by the dead man’s family that he had no ties to terrorists but was a']","[1873, 2800, 1695, 1033, 1869]","[575, 703, 1328, 573, 574]","['Israeli military kills Hamas terrorists, finds significant weapons and assets inside UNRWA headquarters … #FoxNews', 'UN agency ""aid"" get ""stolen"" by Hamas.  ""U.N. sources told Israel’s Walla News that the aid was stolen, and Israel’s military liaison to the Palestinians reports that 24,000 liters of fuel and medical supplies went to Hamas, whose underground bases use diesel generators.""', '""Hamas started the war with a massacre, took these hostages and hid them in a crowded civilian area. Then, when Israel came to free them, Hamas responded with heavy fire, including RPGs—yet people are condemning Israel. It makes us wonder if the West has lost the moral', 'Less than a month after Biden admin trades with terrorists for American hostages in Iran by releasing billions, Iran front-group Hamas launches terrorist war on Israel.']","[1359, 1139, 3386, 3177]","[433, 600, 1129, 1023]"
58,Republican Party,3600000,"['MUST WATCH: Senator JD Vance visits a creek flowing near the East Palestine train derailment and chemical burn. See what happens when he drags a stick along the creek bed.', 'Joy Behar says the residents of East Palestine got what they deserved because they voted for Trump.   For the record, this is 1000x worse than anything Don Lemon said. Will she be kicked off her show and forced to undergo sensitivy training?', 'East Palestine, Ohio’s latest tourism video. Everything is fine!', 'An East Palestine womans chickens all die following the controlled burn and train derailment.   Whats going on?', 'MUST WATCH: Senator JD Vance visits a creek flowing near the East Palestine train derailment and chemical burn. See what happens when he drags a stick along the creek bed.', 'An East Palestine womans chickens all die following the controlled burn and train derailment.   Whats going on?', 'East Palestine, Ohio’s latest tourism video. Everything is fine!', 'Joy Behar says the residents of East Palestine got what they deserved because they voted for Trump.   For the record, this is 1000x worse than anything Don Lemon said. Will she be kicked off her show and forced to undergo sensitivy training?']","[28988, 36872, 2603, 6550, 29050, 6564, 2613, 36962]","[11093, 11168, 975, 2376, 11143, 2381, 977, 11206]","['Six days after Oct. 7th, I went on the PBD Podcast and asked a series of questions about what Israeli intelligence failures happened that allowed Hamas to massacre 1,200 civilians. The clip went viral and I was attacked as an antisemite and called worse than a ""Holocaust denier.""', 'BREAKING: According to AP, Hamas has told Qatar and Egyptian mediators that it will accept terms of a ceasefire and prisoner swap with Israel. This comes as Israel was preparing a ground siege on Rafah, the last Hamas stronghold in Gaza.', '70 percent of Gazans say that peaceful coexistence with Israel is unacceptable; only genocide and destruction of Israel, “from the river to the sea,” is enough.  This, more than anything else, is why the war in Gaza happened.', 'Son of Hamas leader, Mosab Hassan Yousef, denounced Hamas and converted to Christianity after witnessing their savagery:   ""They dont care for the Palestinian people. They dont regard human life. I saw their brutality firsthand If they succeed in destroying Israel and', 'BREAKING: According to AP, Hamas has told Qatar and Egyptian mediators that it will accept terms of a ceasefire and prisoner swap with Israel. This comes as Israel was preparing a ground siege on Rafah, the last Hamas stronghold in Gaza.', 'Hundreds of Israelis dead and injured. 50+ Israeli hostages. Hamas militias killing innocents in their homes, 2,200 missiles launched in an unprovoked, surprise attack.   MSNBC: ""I couldn’t think of a better gift for Benjamin Netanyahu right now than this kind of incursion. ""', 'Six days after Oct. 7th, I went on the PBD Podcast and asked a series of questions about what Israeli intelligence failures happened that allowed Hamas to massacre 1,200 civilians. The clip went viral and I was attacked as an antisemite and called worse than a ""Holocaust denier.""', 'Days before the Oct. 7 Hamas attack on Israel, stock traders magically began anticipating events to come:  Research by law professors Robert Jackson Jr from NYU and Joshua Mitts of Columbia reveals MASSIVE short-selling leading up to the attacks:  The short-selling before Oct. 7', 'Son of Hamas leader, Mosab Hassan Yousef, denounced Hamas and converted to Christianity after witnessing their savagery:   ""They dont care for the Palestinian people. They dont regard human life. I saw their brutality firsthand If they succeed in destroying Israel and', 'Hundreds of Israelis dead and injured. 50+ Israeli hostages. Hamas militias killing innocents in their homes, 2,200 missiles launched in an unprovoked, surprise attack.   MSNBC: ""I couldn’t think of a better gift for Benjamin Netanyahu right now than this kind of incursion. ""', '70 percent of Gazans say that peaceful coexistence with Israel is unacceptable; only genocide and destruction of Israel, “from the river to the sea,” is enough.  This, more than anything else, is why the war in Gaza happened.', 'BREAKING: According to AP, Hamas has told Qatar and Egyptian mediators that it will accept terms of a ceasefire and prisoner swap with Israel. This comes as Israel was preparing a ground siege on Rafah, the last Hamas stronghold in Gaza.', 'Son of Hamas leader, Mosab Hassan Yousef, denounced Hamas and converted to Christianity after witnessing their savagery:   ""They dont care for the Palestinian people. They dont regard human life. I saw their brutality firsthand If they succeed in destroying Israel and']","[2540, 1730, 3967, 27328, 1733, 7159, 2543, 17060, 27338, 7128, 3966, 1728, 27250]","[612, 359, 1308, 10481, 361, 3176, 614, 5977, 10495, 3149, 1302, 356, 10440]"
44,Republican Party,14100000,"['The President of the United States is personally visiting a corrupt foreign country to announce a half billion dollars in new spending. Meanwhile you have a mushroom cloud over East Palestine, Ohio; the animals are dying and the water is glowing.']",[66811],[19980],"['Rep. Thomas Massie doesn’t care what you think of him, which is pretty great.  (3:19) Where Does US Debt End? (10:32) Why Massie Voted 15 Times Against Funding Israel (14:53) AIPAC (34:04) Mitch McConnell (42:25) Area 51 (50:32) Massies Relationship with Trump (57:09) Kill', 'The attacks by the Houthis are hurting people around the world – especially the poorest and most vulnerable populations, including in Yemen and Gaza.', '(2:00)\xa0Col. Douglas Macgregor (4:20) Threats to the homeland (6:12) Iran & its missiles (13:00) Going into Gaza (19:40) American hostages (22:45) Impact on the American economy', '(0:00) Vivek attacked for opposing World War III (3:00) The potential for disaster in America (5:00) What does an Israeli ground invasion mean? (9:30) The appropriate response to Hamas (14:25) The real threat of nuclear war', 'Rep. Thomas Massie doesn’t care what you think of him, which is pretty great.  (3:19) Where Does US Debt End? (10:32) Why Massie Voted 15 Times Against Funding Israel (14:53) AIPAC (34:04) Mitch McConnell (42:25) Area 51 (50:32) Massies Relationship with Trump (57:09) Kill', 'Ep. 91  How does the government of Israel treat Christians? In the West, Christian leaders don’t seem interested in knowing the answer. They should be. Here’s the view of a pastor from Bethlehem.']","[54702, 111304, 14031, 58791, 54664, 83854]","[18332, 24205, 2094, 25467, 18329, 29830]"
98,Republican Party,7000000,"['I mean look at this vile shit from the NYT. Israels military killed TERRORISTS. Palestinian terrorists killed SYNAGOGUE ATTENDEES. To the NYT, its all just a cycle of violence:', 'This is all part of a broader Leftist narrative that its the new right-wing Israeli government ""raising risk of escalation"" when 13-year-old terrorists shoot people going to synagogue, Hamas cheers, and the PA cuts off security cooperation. Look at this pathetic NYT headline:', 'Youre telling me -- not Bernie Sanders, who is making kissy-face with Rashida Tlaib over an event declaring Israels creation a disaster WHILE ROCKETS FALL ON TEL AVIV -- that its antisemitic to call out Bernies anti-Jewish garbage? GFY.', 'I mean look at this vile shit from the NYT. Israels military killed TERRORISTS. Palestinian terrorists killed SYNAGOGUE ATTENDEES. To the NYT, its all just a cycle of violence:', 'This is all part of a broader Leftist narrative that its the new right-wing Israeli government ""raising risk of escalation"" when 13-year-old terrorists shoot people going to synagogue, Hamas cheers, and the PA cuts off security cooperation. Look at this pathetic NYT headline:', 'The current Israeli government had to pass the judicial reform. It is INCREDIBLY mild: it merely says that the judiciary cannot simply declare a law ""unconstitutional"" in a land with no written constitution on the basis of it being ""unreasonable.""   Imagine the Supreme Court in', 'The juxtaposition of rabid anti-Semite Rashida Tlaib attempting to perform a ""Nakba Day"" lamenting the existence of the State of Israel while Hamas fires missiles into the heart of Tel Aviv is pretty clarifying.', 'Yes, this is how Middle East journalisming often works', 'I mean look at this vile shit from the NYT. Israels military killed TERRORISTS. Palestinian terrorists killed SYNAGOGUE ATTENDEES. To the NYT, its all just a cycle of violence:', 'This is all part of a broader Leftist narrative that its the new right-wing Israeli government ""raising risk of escalation"" when 13-year-old terrorists shoot people going to synagogue, Hamas cheers, and the PA cuts off security cooperation. Look at this pathetic NYT headline:', 'A Palestinian Arab murders seven Jews going to synagogue in Jerusalem, the historic capital of the Jewish people.  Many Palestinians celebrate. Hamas takes credit.   Media response: This is a cycle of violence. After all, Jews WERE going to shul in Jerusalem.', 'The juxtaposition of rabid anti-Semite Rashida Tlaib attempting to perform a ""Nakba Day"" lamenting the existence of the State of Israel while Hamas fires missiles into the heart of Tel Aviv is pretty clarifying.']","[1417, 1026, 5079, 1412, 1024, 5228, 2513, 5228, 1417, 1026, 4669, 2516]","[139, 98, 478, 138, 97, 892, 382, 892, 140, 99, 535, 384]","['Good news, then: the IDF will have security control, and the current government is a unity government including his opposition. The post-Hamas plans for Gaza have literally nothing to do with Netanyahu personally.', '""I don’t know, frankly, who should control Gaza when or if Hamas is wiped out. But I do know it cant be Benjamin Netanyahu.""  Piers Morgan criticises the Israeli Prime Ministers plans to occupy Gaza after the bombing is done.  @piersmorgan. @TalkTV. #PMU', 'Israel: Here are the terms of our proposed ceasefire. Hamas: No. We will fire rockets at your soldiers at a humanitarian aid entry. Israel: Okay, were going into Rafah. Hamas: We accept a ceasefire we negotiated with ourselves. Media: Hamas accepts ceasefire! They want peace!', 'They said this BEFORE Israel took Rafah. They said this BEFORE Israel took the Philadelphia Corridor. They said this BEFORE Israel killed Deif, Haniyeh, and Shukr. So Id take their military opinions with a Dead Sea-worth of salt.', 'Remember, the obstacle to peace in the Middle East is very simple: Palestinian rejection of Israel, and heartfelt support for murderous terrorism. The supposedly ""moderate"" Palestinian Authority has now formed a unity government with HAMAS.', 'The word ""evil"" is not descriptive enough for Hamas. They murdered in cold blood six people they had taken hostage almost a year ago, including an American, just days ago -- all in an attempt to sow seeds of political chaos. A few points:  1. Hamas must be extirpated. It is the', 'Now that hes the political leader of Hamas, that means when his obituary is written, well learn he was actually a moderate voice in favor of a ceasefire according to WaPo and NYT', 'This creates a catch-22. If Israel does not defend itself, Israel is destroyed. If Israel does defend itself while Hamas hides behind civilians, the media blast out these images. So what, precisely, is Israel supposed to do? World opinion will not govern Jewish survival.', 'People need to understand how the Arab and Muslim world is digesting these images.  You might say, “they’ve always been against Israel; I don’t care,” but that’s foolish.  Support can shift from being non-existent to very aggressive opposition on a broad scale in a short time.', 'If the Israeli security cabinet approves a temporary pause in order to return some of the hostages, the world will undoubtedly take this as the first step toward cessation of hostilities. Nope. Israels mission will not and should not change: the utter destruction of Hamas.', 'The word ""evil"" is not descriptive enough for Hamas. They murdered in cold blood six people they had taken hostage almost a year ago, including an American, just days ago -- all in an attempt to sow seeds of political chaos. A few points:  1. Hamas must be extirpated. It is the', 'Israel: Wed like our hostages back. Hamas: Our counteroffer is that you get back their corpses and permanently end your war against us. NYT: Small changes to the deal proposed', 'As every single person knows, this ends when Hamas surrenders. But Hamas wont surrender. Because theyre counting on useful idiots to preserve their power. Hamas seeks Palestinian suffering.', 'Israel’s pager attack in Lebanon detonated thousands of handheld devices across of a slew of public spaces, seriously injuring and killing innocent civilians.  This attack clearly and unequivocally violates international humanitarian law and undermines US efforts to prevent a', 'So in their expert opinion, Israel should hand over territory to the Palestinians, who will then hold elections to determine who will govern them.  OH WAIT ISRAEL DID THAT IN GAZA IN 2005, AND THEY ELECTED HAMAS, AND THEN THERE WAS OCTOBER 7.  Fing morons.', 'Once again, the images from Gaza are awful and heartbreaking and entirely the fault of Hamas. The minute Hamas gives up the hostages and surrenders, this is all over. Everyone knows it. And everyone calling for a ceasefire is doing Hamas dirty work.', 'Netanyahus democratically-elected unity government includes his chief center-left political rival, Benny Gantz. Nearly 250 IDF soldiers have been killed going door-to-door to protect civilians. Dictator Assad used chemical weapons on civilians. This comparison is asinine.', 'Israel under Netanyahu is not really different than Syria under Assad -- a brutal government trying to protect an endangered Middle Eastern religious minority group by convincing everyone that its too savage and ruthless to mess with.  …', 'Now that hes the political leader of Hamas, that means when his obituary is written, well learn he was actually a moderate voice in favor of a ceasefire according to WaPo and NYT', 'Incredible that the Lefts response to Americans cheering to free American hostages held by the terrorist group Hamas (which denies a ceasefire), is that a Palestinian must speak in order to rip into the American ally Israel fighting to free those American hostages', 'Was supremely moved by this speech, which was searing and compassionate. Also seems essential to include a Palestinian speaker to the convention.   …', 'These pro-Hamas protests are being fostered by the faculty and patted on the head by the administration. Thats because these colleges have been completely eaten by the evil intersectional ideology that crosses streams with Jew-hatred.', 'We ought to have sympathy for both. And we ought to recognize that both are dead because of Hamas.', 'If you feel no sympathy for innocent Israelis murdered or kidnapped by Hamas terrorists last weekend, you have no humanity.  If you feel no sympathy for innocent Palestinians killed in Israels revenge attacks on Gaza, you have no humanity.  Be human.', 'The predictable results of Bidens disgusting weapons cut-off threat: 1. Hamas refuses any deal. The hostages, including Americans, remain. Hamas knows theyve got Biden on their side. 2. Israel MUST go into Rafah because of (1).  3. Biden is cutting off targeted munitions, which', 'The Houthi slogan: ""Allahu Akbar, Death to America, Death to Israel, A Curse Upon the Jews, Victory to Islam.""  Biden cut off arms sales for Saudi against them and removed the Houthis terrorist designation in 2021, then started negotiating with Iran.  All that worked out great.', 'The Biden administration is now effectively preparing to make aid to Israel contingent on. unspecified changes to Israeli policy. Which means that Israel can do little or nothing to appease the White House. Hamas is now in control of the Biden administration.', 'Blinken: Were close to a deal! Hamas: Nope. Blinken: The deal isnt dead! Hamas: ::sends suicide bomber to Tel Aviv:: Blinken: We can still make a deal!  The WH is trying to delay action beyond the DNC. In doing so, its telegraphing weakness to Iran, Hezbollah, and Hamas.', 'No shit. Thats what happens when Hamas rejects the ceasefire offer and asks Hezbollah to go hot.', 'Politico : Senior US officials say the ceasefire deal is on the verge of collapse.', 'Agreed. This is precisely why Palestinian civilians in Gaza should listen to Israels warnings and leave target areas -- and it is also precisely why Hamas is telling them not to do so.', 'Hamas does not have the capacity anymore for serious offensive action. But theyve roped Iran and Hezbollah into sympathy action that neither Iran nor Hezbollah can afford. Iran and Hezbollah are desperately attempting to get to a ceasefire offramp so they can claim that they', '#BREAKING Hamas claims to have fired two rockets at Tel Aviv.  Residents report hearing explosions.', 'Remember, the obstacle to peace in the Middle East is very simple: Palestinian rejection of Israel, and heartfelt support for murderous terrorism. The supposedly ""moderate"" Palestinian Authority has now formed a unity government with HAMAS.']","[2497, 20479, 31297, 1069, 4636, 31297, 2780, 11133, 14432, 31283, 2273, 16611, 26571, 32881, 41498, 33563, 4455, 2781, 31283, 1259, 5622, 24177, 16712, 1203, 1570, 15428, 10326, 11720, 3384, 14118, 1064, 1966, 1064, 21490]","[289, 4076, 5374, 236, 618, 5374, 356, 2851, 1874, 5362, 325, 2737, 2929, 6590, 10261, 7459, 575, 353, 5362, 147, 1157, 3540, 3228, 99, 190, 2828, 2665, 2028, 418, 2052, 234, 226, 234, 2973]"
29,Republican Party,201800000,"['The New York Times actually has the nerve to support calls for genocide! If ever there was a time to cancel that publication, it is now.  You can read their articles for free anyway using .', 'Artificial intelligence discussion with PM Netanyahu in an hour', 'I look forward to speaking at 9:15  (19:15 Israel time) on X with @elonmusk about how we can harness the opportunities and mitigate the risks of AI for the good of civilization.', 'The New York Times actually has the nerve to support calls for genocide! If ever there was a time to cancel that publication, it is now.  You can read their articles for free anyway using .', 'Artificial intelligence discussion with PM Netanyahu in an hour', 'I look forward to speaking at 9:15  (19:15 Israel time) on X with @elonmusk about how we can harness the opportunities and mitigate the risks of AI for the good of civilization.', 'Because the answer is “Yes!” regarding seeking donations, hence JG’s refusal to answer the question.   JG instead went on the attack, implying that Sorkin, despite being Jewish, is somehow an anti-Semite just for asking a basic conflict-of-interest question!']","[199964, 108779, 205252, 200666, 109148, 10219, 10364]","[48918, 12453, 27567, 49221, 12541, 1474, 867]","['Khamenei’s official position is clear that the eradication of Israel is the actual goal, not just supporting Palestinians.  That will not happen. All that actually happens, decade after decade, is a never-ending cycle of violence and vengeance.  Stoking the fires of hatred isn’t', 'Starlink is now active in a Gaza hospital with the support of @UAEmediaoffice and @Israel', 'If you teach that “weak makes right”, then the perceived stronger party – in this case, Israel – is wrong.  Morals should be taught in the absolute, meaning that it is possible for either the strong or weak to be morally good, depending on their actions.', 'Yes, “decolonization” necessarily implies a Jewish genocide, thus it is unacceptable to any reasonable person', 'This was a tough call.   While many government leaders, including in the USA, do call for killing people, we have a “UN exemption rule”; if a government is recognized by the UN, we will not suspend their accounts.  Hamas is not recognized as a government by the UN, so was', 'If you teach that “weak makes right”, then the perceived stronger party – in this case, Israel – is wrong.  Morals should be taught in the absolute, meaning that it is possible for either the strong or weak to be morally good, depending on their actions.', 'Khamenei’s official position is clear that the eradication of Israel is the actual goal, not just supporting Palestinians.  That will not happen. All that actually happens, decade after decade, is a never-ending cycle of violence and vengeance.  Stoking the fires of hatred isn’t', 'Starlink is now active in a Gaza hospital with the support of @UAEmediaoffice and @Israel', 'Yes, “decolonization” necessarily implies a Jewish genocide, thus it is unacceptable to any reasonable person', 'Starlink will support connectivity to internationally recognized aid organizations in Gaza.   ComStar', 'If you teach that “weak makes right”, then the perceived stronger party – in this case, Israel – is wrong.  Morals should be taught in the absolute, meaning that it is possible for either the strong or weak to be morally good, depending on their actions.', 'Starlink is now active in a Gaza hospital with the support of @UAEmediaoffice and @Israel', 'Khamenei’s official position is clear that the eradication of Israel is the actual goal, not just supporting Palestinians.  That will not happen. All that actually happens, decade after decade, is a never-ending cycle of violence and vengeance.  Stoking the fires of hatred isn’t']","[44162, 261126, 148044, 34170, 4181, 148075, 44171, 261387, 34204, 162231, 147384, 259823, 44030]","[10475, 28047, 26011, 7042, 1527, 26071, 10486, 28151, 7055, 64463, 25777, 27744, 10405]"
39,Republican Party,127900,['Go fuck yourself.   Israel IS an apartheid state.'],[1472],[296],"['Let’s start a thread of all the times high level Israeli officials, affiliates, and proxies have openly called for genocide. Drop em here']",[7886],[3581]
72,Democratic Party,1000000,"['He makes me sick to my stomach. Hadn’t those families suffered enough? What kind of monster needs to exacerbate their pain by calling the massacre of their babies a “hoax”? What parent on the planet can stand with someone like him? I don’t get it.  But no dollar amount is enough.', 'Says the fist pumping domestic terrorists guy who tried to overturn an election in order to install the thrice philandering, serially lying ‘disciple of Jesus’ who mocked a disabled reporter & bragged about sexually assaulting women.  You’re about as hypocritical as they come.', 'The same bigot who five years ago called Nazis “very fine people” is threatening Jewish Americans today.  When someone shows you who they are, believe them the first time.']","[3521, 1717, 1480]","[405, 199, 131]","['Per CNN: “An initial group of 13 hostages have been released, the Israeli prime ministers office says, as a truce between Israel and Hamas — the first in weeks of fighting — appears to be holding.”', 'Hamas has committed atrocities in Israel. The human cost of their barbarousness is catastrophic. We should have solidarity in our unwavering support for the innocent victims of this violence. But what have Republicans done since day one instead? They’ve used the acute suffering', 'We aren’t going to forget in November who it is that ran on a Muslim ban and who it is that is promising mass deportations and who it is that will hand Gaza and the West Bank to Netanyahu on a silver fucking platter. Unlike @RashidaTlaib, we Arabs aren’t going to forget, are we?', 'Breaking: the second group of Hamas hostages has been released to the Red Cross.']","[2026, 5120, 1447, 5528]","[165, 1100, 302, 434]"
64,Democratic Party,1000000,"['As an actual jew this is particularly enraging', 'Personally as a Jew, I tend to think the people using antisemitic rhetoric are in fact antisemitic', 'As an actual jew this is particularly enraging', 'Personally as a Jew, I tend to think the people using antisemitic rhetoric are in fact antisemitic']","[3977, 6219, 3977, 6219]","[454, 591, 454, 591]","['It was supposed to be an event on fighting antisemitism, but like so many things in Trumpworld, it quickly turned into Donald Trump just engaging inantisemitism.', 'As a Jew, I know that othering against one group leads to othering the rest of us', 'As a jew, I have a sacred duty to support the candidate who believes in democracy and the rule of law, and not the candidate who was the driving force behind January 6.', 'Adelson: Jews have a ""sacred duty"" to vote for Trump.  Let that sink in.  Trump: Jews ""would have a lot to do with the loss"" if Harris wins.  Let that sink in.  This is not normal. Dont let anyone tell you either of these things are OK to say.  @birenbomb was there. x.com/TheNVIndy/stat…']","[1590, 2667, 11387, 2323]","[536, 339, 2657, 560]"
59,Democratic Party,437700,"['Former Israeli PM Naftali Bennet: NATO “decided that it is necessary to continue to smash Putin, and not to negotiate… They broke off the negotiations, and then it seemed to me that they were wrong.”', 'The UN says that Israels bombing of Syrias Aleppo airport forced it ""to suspend or divert flights used to transport vital medical supplies such as tetanus vaccines, diabetes medication and blood-transfusion testing equipment.""', 'I try not to invoke my Jewish identity because opinions have value on merits, not ethnicity. But the policing of black celebrities is embarrassing. Also massively hypocritical: US media and Jewish groups are now silent on US backing of openly neo-Nazi Azov Battalion in Ukraine.', 'Today is 10th anniversary of the Ghouta chemical massacre in Syria. US blamed Syrian govt, but all evidence points to sectarian death squad rebels. Thats why Obama didnt bomb.  There are Western officials who know more about Ghouta than has been publicly disclosed. Just as the', 'These ""rebels"" were also armed by Israel, which regularly bombs Syria to help enforce a US blockade. Meanwhile the US occupies 1/3 Syria, stealing its wheat/oil, and imposes sanctions that, as former senior Trump officials brag, have ""crushed"" Syrias economy, causing ""food', 'Former Israeli PM Naftali Bennet: NATO “decided that it is necessary to continue to smash Putin, and not to negotiate… They broke off the negotiations, and then it seemed to me that they were wrong.”', 'The UN says that Israels bombing of Syrias Aleppo airport forced it ""to suspend or divert flights used to transport vital medical supplies such as tetanus vaccines, diabetes medication and blood-transfusion testing equipment.""', 'I try not to invoke my Jewish identity because opinions have value on merits, not ethnicity. But the policing of black celebrities is embarrassing. Also massively hypocritical: US media and Jewish groups are now silent on US backing of openly neo-Nazi Azov Battalion in Ukraine.', 'Today is 10th anniversary of the Ghouta chemical massacre in Syria. US blamed Syrian govt, but all evidence points to sectarian death squad rebels. Thats why Obama didnt bomb.  There are Western officials who know more about Ghouta than has been publicly disclosed. Just as the', 'These ""rebels"" were also armed by Israel, which regularly bombs Syria to help enforce a US blockade. Meanwhile the US occupies 1/3 Syria, stealing its wheat/oil, and imposes sanctions that, as former senior Trump officials brag, have ""crushed"" Syrias economy, causing ""food']","[4796, 1145, 1442, 2525, 1442, 4796, 1145, 1442, 2525, 1442]","[1835, 572, 271, 1023, 271, 1835, 572, 271, 1023, 271]","['One day after it whitewashed the Palestinian death toll, NYT now describes an Israeli attempt to raze Palestinian homes and make their area unlivable as an attempt to ""help create a buffer zone.""  Nazi propagandists would be impressed.', 'In 2018, Henry Siegman, former head of the American Jewish Congress and the Synagogue Council of America, wrote this about Israels claim of ""self-defense"" in Gaza and the West Bank:  ""In Gaza, as in the West Bank beyond the pre-1967 armistice line, Israel is acting not in', 'This headline -- erasing the ""cost"" of 23,000+ Palestinians killed by the invading Israeli army, plus many more wounded, maimed, and displaced -- only underscores that the NYT should change its name to the Nazi Yisrael Times:', 'The Israeli outlet Haaretz has confirmed what independent journalists @AliAbunimah @davidsheen @MaxBlumenthal reported from the start: Israel invoked the Hannibal Directive and slaughtered its own people on Oct. 7th to prevent them from being taken captive.   Former IDF']","[4469, 1779, 5222, 4518]","[2000, 865, 2155, 2082]"
67,Other,146800,"['RFK Jr. says he opposed arming and funding Ukraine in a proxy war with Russia.  US officials, including Joe Biden, want to make Ukraine the “Israel” of Europe.  RFK Jr. endorses the US funding and arming Israel.  This is red-flag levels of hypocrisy.', 'Free Palestine is trending. This is a reminder that the biggest impediment to Palestines liberation is the U.S.s ceaseless funding of Israels apartheid regime.', 'Free Palestine is trending. This is a reminder that the biggest impediment to Palestines liberation is the U.S.s ceaseless funding of Israels apartheid regime.']","[1145, 1293, 1293]","[458, 414, 414]","['Israel  is already sniping at civilians attempting to go home during the temporary ceasefire.  This terrorist regime has run out of masks to take off.', 'Israel  has displaced over a MILLION Palestinians from their homes as they bomb everything that moves.  The second Nakba isn’t coming. It’s happening NOW.', 'This is what Israels ""war"" is doing in Rafah.  This is not ""victory."" Its a project of genocidal desperation aided and abetted by the U.S. and its European vassals.']","[1929, 1398, 1617]","[1432, 963, 811]"
90,Republican Party,4300000,"['After FEMA Denies Aid to East Palestine, Ohio, Democrats and Republicans Unite to Demand Answers', 'Trump Vindicated, Biden Proven A Liar As NYT Admits Trump Rollback Had ‘No Impact’ On East Palestine, Ohio', 'After FEMA Denies Aid to East Palestine, Ohio, Democrats and Republicans Unite to Demand Answers', 'Trump Vindicated, Biden Proven A Liar As NYT Admits Trump Rollback Had ‘No Impact’ On East Palestine, Ohio']","[2026, 6464, 2026, 6464]","[439, 1470, 439, 1470]","['This attack on Israel is brought to you by Iran, courtesy of its US enablers: Barack Obama, Joe Biden and Kamala Harris']",[7512],[2169]
68,Republican Party,12400000,"['The Hamas caucus of the house is really upset that an antisemite was removed from the foreign affairs committee. I’m shocked…but also glad that finally some people did something.', 'Instead of taking personal responsibility like a man for his vile views about Jews, @emeriticus goes full leftist and like a coward, blames Trump!!!   ""In an interview. Gonzalez attributed the remarks to his descent into what he described as an ""online Trump world""', 'The Hamas caucus of the house is really upset that an antisemite was removed from the foreign affairs committee. I’m shocked…but also glad that finally some people did something.']","[37656, 1688, 37657]","[257, 533, 257]","['FULL STORY: Walz administration awarded $2 million to Muslim group fundraising for al Qaeda-linked charity', 'I think these people should go to Israel and negotiate with Palestinian and Hamas leadership. I’m sure they’ll be taken seriously and not thrown off of the rooftops!', 'This is from the US Embassy in Israel urging Israel to not retaliate under unprecedented circumstances… a literal  attack on their very existence. It’s absolutely unbelievable. Like so many examples here in the United States. The left thinks you should be OK with your own demise', 'While Donald Trump immediately stood with the patriots of East Palestine, Joe Biden was no where to be found when they needed him the most. He refused to step foot in East Palestine for an entire year, but now since its election time, hes showing up for a photo op.  Pathetic!', 'Pretty amazing that the entire establishment media had people embedded with Hamas while they did the terrorist attack on 10/7. Are we still pretending they’re not the enemy of the people? Truly sick people!', 'Shocked that even MSDNC realized that it probably wasn’t a great idea to have Pro Hamas propagandists on air for hours a week.']","[1139, 17482, 19049, 16759, 36166, 1799]","[541, 3636, 6342, 4846, 13457, 413]"
