Name,Affiliation,Number of Followers,Before Corpus,Before List of Likes,Before List of Retweets,After Corpus,After List of Likes,After List of Retweets
RonFilipkowski,Democratic Party,1000000,"['Dershowitz said Trump asked him at dinner why only 27% of Jews voted for him when he strongly supported Israel. Dersh said he told Trump Jews also care about gay rights, abortion, climate change, gun control and separation of church and state, and he was terrible on those.', 'Dershowitz said Trump asked him at dinner why only 27% of Jews voted for him when he strongly supported Israel. Dersh said he told Trump Jews also care about gay rights, abortion, climate change, gun control and separation of church and state, and he was terrible on those.', 'Dershowitz said Trump asked him at dinner why only 27% of Jews voted for him when he strongly supported Israel. Dersh said he told Trump Jews also care about gay rights, abortion, climate change, gun control and separation of church and state, and he was terrible on those.']","[1337, 7377, 7417]","[303, 1882, 1888]","['How odd for Trump to Blame America First for an act of terrorism in Israel, without a word of accountability instead for his good friend Benjamin Netanyahu, who actually runs that country.', 'The Republican Party wants to give Benjamin Netanyahu a blank check to do whatever he wants in Gaza with no oversight or questions asked. The fact that most Democrats disagree with that does not make them anti-Semitic. A large percentage of Jewish Democrats disagree with that.', 'MAGA, Trump & Vance have been telling us that the U.S. shouldn’t police the world and solve issues happening in other countries. But I guess this attack inside Israel is now America’s fault, and not Benjamin Netanyahu’s. I’m struggling to understand this ‘America First’ thing.', 'Trump to Netanyahu today: “No president has done what I’ve done for Israel.”', 'The Republican Party wants to give Benjamin Netanyahu a blank check to do whatever he wants in Gaza with no oversight or questions asked. The fact that most Democrats disagree with that does not make them anti-Semitic. A large percentage of Jewish Democrats disagree with that.', 'On US peace negotiations between Israel and Gaza: “The reporting is that former President Trump is on the phone with the PM of Israel urging him not to cut a deal right now because it’s believed that would help the Harris campaign.”', 'In Israel with a bipartisan delegation of US Senators, Lindsey Graham goes off on a Newsmax reporter asking him to condemn Rashida Tlaib: “You’re not going to screw this up! Get this guy out of here!”', 'How odd for Trump to Blame America First for an act of terrorism in Israel, without a word of accountability instead for his good friend Benjamin Netanyahu, who actually runs that country.', 'Trump to Netanyahu today: “No president has done what I’ve done for Israel.”', 'On US peace negotiations between Israel and Gaza: “The reporting is that former President Trump is on the phone with the PM of Israel urging him not to cut a deal right now because it’s believed that would help the Harris campaign.”', 'In Israel with a bipartisan delegation of US Senators, Lindsey Graham goes off on a Newsmax reporter asking him to condemn Rashida Tlaib: “You’re not going to screw this up! Get this guy out of here!”', 'The Republican Party wants to give Benjamin Netanyahu a blank check to do whatever he wants in Gaza with no oversight or questions asked. The fact that most Democrats disagree with that does not make them anti-Semitic. A large percentage of Jewish Democrats disagree with that.', 'Javanka on scene to negotiate an end to the conflict in Israel.', 'Kushner Kleanup Time: Please ignore my previous comments that waterfront property in Gaza “could be very valuable.” I’m all about the welfare of the Palestinian people. Thank you. End of statement.', 'In a few more hours, MAGA can come out of their bunkers, take off the camo, put their AR-15s, flamethrowers and grenades up, because the global day of jihad will be over.', 'This is a very thoughtful, measured and perfect statement to make. Delivering it in Israel makes it even more powerful. It is inconceivable that Trump could ever make such a statement.', 'Biden: I caution this while you feel that rage, dont be consumed by it. After 9/11, we were enraged in the US. While we sought justice and got justice, we also made mistakes… The vast majority of Palestinians are not Hamas. Hamas does not represent the Palestinian people.', 'The pro-Hamas account ‘Iran Observer’ is promoting Trump’s speech last night where he called Hezbollah “a very smart organization.” Story …', 'MAGA, Trump & Vance have been telling us that the U.S. shouldn’t police the world and solve issues happening in other countries. But I guess this attack inside Israel is now America’s fault, and not Benjamin Netanyahu’s. I’m struggling to understand this ‘America First’ thing.', 'Rudy says we should have sent Navy SEALs and Army Rangers into Gaza to rescue the hostages.']","[1520, 2370, 1244, 1440, 2369, 34866, 3056, 1523, 1442, 34702, 3040, 2359, 4799, 1106, 2005, 5266, 1402, 1236, 1049, 5784]","[363, 703, 229, 476, 702, 18715, 597, 363, 477, 18719, 599, 701, 762, 315, 228, 1039, 712, 226, 344, 1435]"
SteveSchmidtSES,Democratic Party,1500000,"['A direct threat against American Jews by a disgraced and addled former President of the United States in 2022.', 'Today, I visited the oldest synagogue in continuous use in the Western Hemisphere. The first Jew prayed here in 1732, the year that George Washington was born. Today, McCarthy met with antisemite Paul Gosar. What do you call someone who seeks power with the aid of antisemites?”', '""There is no deal between the United States, Bibi Netanyahu’s extremist and anti-democratic coalition and MBS that should ever be ratified by the United States Senate. Ever.""  More on why the United States of America should never sign a mutual defense pact with the Saudi regime:', '4. Hatred, Lies and scapegoating are on the ballot as is a growing and dangerous menace of antisemitism.   The American experiment has been under a growing assault for seven years. It is not abating and it has become a frontal assault that is occurring in broad daylight.']","[1223, 1420, 1420, 1238]","[251, 459, 459, 254]","['""The corruption of one man in Israel has brought the whole world to the brink of war because his corruption and weakness stirred evil, and when evil sees weakness, it strikes.""  More on how corrupt politicians like Netanyahu and Trump threaten the world:', '""The corruption of one man in Israel has brought the whole world to the brink of war because his corruption and weakness stirred evil, and when evil sees weakness, it strikes.""  More on how corrupt politicians like Netanyahu and Trump threaten the world:', '""The prime minister, who has prided himself on his vast political experience and irreplaceable wisdom in security matters, completely failed to identify the dangers he was consciously leading Israel into when establishing a government of annexation and dispossession.""  These', '""The corruption of one man in Israel has brought the whole world to the brink of war because his corruption and weakness stirred evil, and when evil sees weakness, it strikes.""  More on how corrupt politicians like Netanyahu and Trump threaten the world:']","[4262, 4259, 13223, 4230]","[1588, 1586, 4037, 1580]"
TheRickWilson,Democratic Party,1600000,"['The purpose of terrorism is to terrorize.', 'I know a few people in Israel right now wondering something.  Ill just say this: WE FUCKING WARNED YOU.', 'I know a few people in Israel right now wondering something.  Ill just say this: WE FUCKING WARNED YOU.', 'The purpose of terrorism is to terrorize.', 'I know a few people in Israel right now wondering something.  Ill just say this: WE FUCKING WARNED YOU.']","[6283, 6283, 6242, 6289, 3502]","[732, 732, 730, 732, 460]","['If you think its bad thing that the leaders of Hamas and Hezbollah got whacked yesterday, just unfollow.', 'No, he doesnt.   This is a war of aggression and genocide targeting civilians brought about by Vladimir Putin and his corrupt regime, and hes clearly fine with it.', 'They put ""Israeli"" in quotes for a little more license to attack and dehumanize them. …', 'If you think its bad thing that the leaders of Hamas and Hezbollah got whacked yesterday, just unfollow.', 'BREAKING:  Islamist terror attack likely targeting Taylor Swift concert in Austria foiled.  The authorities revealed that the IS supporting terrorists where planning to detonate, most likely at one of the three Taylor Swift concerts taking place in Vienna this weekend.  2 men', 'No, he doesnt.   This is a war of aggression and genocide targeting civilians brought about by Vladimir Putin and his corrupt regime, and hes clearly fine with it.', 'If you think its bad thing that the leaders of Hamas and Hezbollah got whacked yesterday, just unfollow.', 'My most interesting takeaway from the Hamas hospital own goal story just how rapidly an American anti-Israel horseshoe of far-right and far-left voices merged to echo Hamas propaganda.']","[3334, 1634, 2311, 3333, 1633, 2308, 3309, 3046]","[315, 304, 218, 317, 304, 218, 316, 658]"
natsechobbyist,Democratic Party,477600,['My daughter is at Hebrew school this morning while the former president is fomenting antisemitism. I am sad and mad and incredibly disappointed that so many suggest we should simply ignore him.   Ignoring problems doesn’t make them go away.'],[3510],[83],"['I despise Bibi.  I don’t think it’s a genocide.  I guarantee if they invited a Palestinian American to speak neither side would be satisfied.  All the speakers are in support of the nominee, not special interests.', 'The Israeli government put out this warning as did a friend of mine in Israel who is a mental health professional. This is very good advice. …', '""You see, when we say kill all Jews its aspirational. We dont actually mean it. unless its possible and then, of course, wed be all over it.""     Words have meaning. This mealy-mouthed bullshit excuse is pathetic. You know exactly what you are doing.']","[1568, 2340, 4235]","[595, 540, 683]"
anthonyzenkus,Democratic Party,88800,"['You cannot say you care about women in Iran if you dont speak out for women in Palestine.', 'You cannot say you care about women in Iran if you dont speak out for women in Palestine.']","[1471, 1464]","[642, 642]","['They release this the day we find out that Israel bombed and killed 12 children from one family in a spree of bombings in Rafah last night.', 'Joe Biden just approved a billion dollars worth of bombs and bullets to go to Israel so they can slaughter Palestinians in Rafah.  So all you Democrats who said ""look,  Biden is putting his foot down with Israel"" - we know you - and your genocidal president-  were full of shit.', 'In Gaza, starving children are dying of hypothermia. Newborn babies of malnourished mothers are dying after a few days. This is famine, this is genocide and it all could have been stopped with one phone call from Joe Biden.', 'Are u fucking kidding me?? At least 400 Palestinians killed by Israel in a targeted attack on a refugee camp. Every US official supporting this has blood on their hands, but it starts at the top. Biden must resign. Blinken must resign. Not one penny more for Israel. #CeasefireNOW', 'Israel is increasing its attacks in the West Bank, an area not run by Hamas. The West Bank has no army and their citizens are defenseless. People are being forcibly removed from their homes, terrorized, arrested and shot. Bombs and bullets supplied by Kamala Harris and Joe Biden.', 'Israel is increasing its attacks in the West Bank, an area not run by Hamas. The West Bank has no army and their citizens are defenseless. People are being forcibly removed from their homes, terrorized, arrested and shot. Bombs and bullets supplied by Kamala Harris and Joe Biden.']","[1739, 1505, 1305, 5419, 1016, 1008]","[190, 619, 488, 2199, 741, 733]"
briebriejoy,Democratic Party,418700,"['Imperialists often raise the example of WWII & accusations of genocide to justify war. (E.g. incubator babies in Kuwait). But does the left have a response to the question of how to identify a Hitler-level threat, & what to do about it? Must it?  …', 'Watch my full exchange with RFK Jr. in which I challenge his “unconditional” support of Israel in light of the international consensus that Israel is an apartheid state.', '""You want a presidential candidate. who has a backbone. If RFK Jr. thinks somehow that each Palestinian baby who was killed somehow was never in any way, intentional, deliberate, they didnt know what they were doing --he needs to really get off the crack pipe.""  Premiere', 'Imperialists often raise the example of WWII & accusations of genocide to justify war. (E.g. incubator babies in Kuwait). But does the left have a response to the question of how to identify a Hitler-level threat, & what to do about it? Must it?  …', 'Watch my full exchange with RFK Jr. in which I challenge his “unconditional” support of Israel in light of the international consensus that Israel is an apartheid state.']","[1479, 1476, 1814, 1479, 1825]","[341, 340, 549, 341, 558]","['The Ceasefire Shell Game (w/ @samhusseini)  Independent journalist Sam Husseini completely dismantles the state department narrative around the ceasefire negotiations, who’s at fault, & what the new UN report tells us about Israel’s use of rape, torture, & the Hannibal', 'Who does this guy think has been shutting down Grand Central, the Statue of Liberty etc?  Anyway, learn more about these courageous Jewish activists who are saying they don’t want war crimes committed in their name on the latest @BadFaithPod. #NotInMyName', 'Israel is definitionally a Jewish-supremacist ethno-state. If Arab Palestinians had equal rights in Israel & the right of return, Israel could start to claim its a democracy.   As it is, its an apartheid state thats just murdered 15,000 people in six weeks.   Whatever you call', 'This Week in Hasbara (w/ @AbbyMartin)  ""We cant forget that the Jerusalem Post run by @AviMayer, whos essentially a stenographer for the IDF hes essentially a military propagandist running one of the biggest newspapers in Israel. They had the audacity to try to discredit &', '""The court said this must happen: You, Israel must stop your offensive in Rafah period. It has nothing to do with Hamas is doing, it has nothing to do with anybody else is doing. It has nothing to do with what Israel says or doesnt say anything the court made an or the UN', 'The Ceasefire Shell Game (w/ @samhusseini)  Independent journalist Sam Husseini completely dismantles the state department narrative around the ceasefire negotiations, who’s at fault, & what the new UN report tells us about Israel’s use of rape, torture, & the Hannibal']","[1841, 5390, 8785, 1886, 1267, 1821]","[953, 1214, 1858, 812, 482, 944]"
kylegriffin1,Democratic Party,1400000,"['Yes, this is a real post from Donald Trump addressing ""liberal Jews who voted to destroy America & Israel.""', 'Leader Schumer: ""When the former President of the United States welcomes at his own dinner table several vicious antisemites and then, rather than apologize, he lectures American Jewish leaders for insufficient loyalty — it is incumbent on all of us to speak out.""']","[3124, 2347]","[1323, 393]","['Breaking: Israels government has approved the outline of a deal to secure the release of some hostages held by Hamas.', 'Sen. Raphael Warnock is now calling for a ceasefire in Gaza.', 'CAIRO (AP) — Hamas announces it has accepted an Egyptian-Qatari cease-fire proposal.', 'BREAKING. Vice President Harris on Israel-Gaza:  ""Israel has a right to defend itself, and how it does so matters.""  ""The images of dead children and desperate, hungry people fleeing for safety, sometimes displaced for the second, third or fourth time — we cannot look away in the', 'According to the White House, President Biden spoke by phone with the family of the two Americans released today after being taken hostage by Hamas.', 'Sen. Raphael Warnock is now calling for a ceasefire in Gaza.', 'Secretary of State Antony Blinken says the U.S. has submitted a draft resolution to the UN Security Council calling ""for an immediate ceasefire"" in Gaza — ""tied to the release"" of hostages held by Hamas.', 'Breaking:  WASHINGTON (AP) — Biden says Im not supplying the weapons if Israel launches assault on Gazas Rafah, after US paused bomb shipment.', 'President Biden: ""I am outraged and heartbroken by the deaths of seven humanitarian workers from World Central Kitchen, including one American,\xa0in Gaza yesterday. They were providing food to hungry civilians in the middle of a war. They were brave and selfless. Their deaths are a', 'BREAKING. Vice President Harris on Israel-Gaza:  ""Israel has a right to defend itself, and how it does so matters.""  ""The images of dead children and desperate, hungry people fleeing for safety, sometimes displaced for the second, third or fourth time — we cannot look away in the', 'The U.K. government\xa0has reversed its opposition to the International Criminal Court seeking an arrest warrant against Israeli PM Benjamin Netanyahu.', 'Trump ranted last night about Gov. Josh Shapiro — calling him ""the highly overrated Jewish Governor"" and claiming he has done ""nothing for Israel.""  In response, White House spokesman Herbie Ziskend says: ""It is Antisemitic, dangerous, and hurtful to attack a fellow American by', 'BREAKING. Vice President Harris on Israel-Gaza:  ""Israel has a right to defend itself, and how it does so matters.""  ""The images of dead children and desperate, hungry people fleeing for safety, sometimes displaced for the second, third or fourth time — we cannot look away in the', 'Breaking:  WASHINGTON (AP) — Biden says Im not supplying the weapons if Israel launches assault on Gazas Rafah, after US paused bomb shipment.', 'Vice President Harris: ""President Biden and I are working to end this war such that Israel is secure, the hostages are released, the suffering in Gaza ends, and the Palestinian people can realize their right to dignity. Security. Freedom. And self-determination.""', 'The United Center breaks out in chants of Bring Them Home as the parents of Hersh Goldberg-Polin, an American hostage held by Hamas, speak at the DNC.']","[1983, 2739, 2603, 4119, 1826, 2740, 1773, 3974, 2749, 4118, 4567, 3419, 4101, 3955, 1720, 1895]","[239, 325, 557, 998, 242, 327, 496, 741, 653, 995, 1088, 781, 993, 739, 331, 312]"
itsJeffTiedrich,Democratic Party,1100000,"['holy fucking shit, criticizing Israel is not antisemitic. what IS antisemitic is putting a holocaust-denying lunatic who thinks Jews control the weather on the Homeland Security Committee. sit the fuck down and shut the fuck up and spare us your fucking fake outrage', 'bro, fix the Nazi problem in your state. until then, you have no Jewish friends. stop pretending that you do', 'congratulations to the literally zero Republicans who have stood up to denounce Donald Trumps attack on American Jews. take a victory lap, you spineless fucking cowards', 'holy fucking shit, criticizing Israel is not antisemitic. what IS antisemitic is putting a holocaust-denying lunatic who thinks Jews control the weather on the Homeland Security Committee. sit the fuck down and shut the fuck up and spare us your fucking fake outrage']","[40744, 2460, 47821, 41093]","[6364, 241, 6761, 6388]","['hey, remember when you phoned up your despot bestie Netanyahu and told him not to accept a cease fire deal? ace job, homeslice. good thing your meddling caused no serious consequences, am I right', 'hey, remember when Jared Kushner brought peace to the Middle East? me neither', 'hey, remember when Jared Kushner brought lasting peace to the Middle East? me neither', 'Donald Trump praising Hamas is all the proof you need that the family of raccoons that live inside his head have finally chewed through all the wires']","[17257, 19943, 19332, 19262]","[2079, 3345, 3442, 3570]"
JoJoFromJerz,Democratic Party,1000000,"['He makes me sick to my stomach. Hadn’t those families suffered enough? What kind of monster needs to exacerbate their pain by calling the massacre of their babies a “hoax”? What parent on the planet can stand with someone like him? I don’t get it.  But no dollar amount is enough.', 'Says the fist pumping domestic terrorists guy who tried to overturn an election in order to install the thrice philandering, serially lying ‘disciple of Jesus’ who mocked a disabled reporter & bragged about sexually assaulting women.  You’re about as hypocritical as they come.', 'The same bigot who five years ago called Nazis “very fine people” is threatening Jewish Americans today.  When someone shows you who they are, believe them the first time.']","[3521, 1717, 1480]","[405, 199, 131]","['Per CNN: “An initial group of 13 hostages have been released, the Israeli prime ministers office says, as a truce between Israel and Hamas — the first in weeks of fighting — appears to be holding.”', 'Hamas has committed atrocities in Israel. The human cost of their barbarousness is catastrophic. We should have solidarity in our unwavering support for the innocent victims of this violence. But what have Republicans done since day one instead? They’ve used the acute suffering', 'We aren’t going to forget in November who it is that ran on a Muslim ban and who it is that is promising mass deportations and who it is that will hand Gaza and the West Bank to Netanyahu on a silver fucking platter. Unlike @RashidaTlaib, we Arabs aren’t going to forget, are we?', 'Breaking: the second group of Hamas hostages has been released to the Red Cross.']","[2026, 5120, 1447, 5528]","[165, 1100, 302, 434]"
MollyJongFast,Democratic Party,1000000,"['As an actual jew this is particularly enraging', 'Personally as a Jew, I tend to think the people using antisemitic rhetoric are in fact antisemitic', 'As an actual jew this is particularly enraging', 'Personally as a Jew, I tend to think the people using antisemitic rhetoric are in fact antisemitic']","[3977, 6219, 3977, 6219]","[454, 591, 454, 591]","['It was supposed to be an event on fighting antisemitism, but like so many things in Trumpworld, it quickly turned into Donald Trump just engaging inantisemitism.', 'As a Jew, I know that othering against one group leads to othering the rest of us', 'As a jew, I have a sacred duty to support the candidate who believes in democracy and the rule of law, and not the candidate who was the driving force behind January 6.', 'Adelson: Jews have a ""sacred duty"" to vote for Trump.  Let that sink in.  Trump: Jews ""would have a lot to do with the loss"" if Harris wins.  Let that sink in.  This is not normal. Dont let anyone tell you either of these things are OK to say.  @birenbomb was there. x.com/TheNVIndy/stat…']","[1590, 2667, 11387, 2323]","[536, 339, 2657, 560]"
aaronjmate,Democratic Party,437700,"['Former Israeli PM Naftali Bennet: NATO “decided that it is necessary to continue to smash Putin, and not to negotiate… They broke off the negotiations, and then it seemed to me that they were wrong.”', 'The UN says that Israels bombing of Syrias Aleppo airport forced it ""to suspend or divert flights used to transport vital medical supplies such as tetanus vaccines, diabetes medication and blood-transfusion testing equipment.""', 'I try not to invoke my Jewish identity because opinions have value on merits, not ethnicity. But the policing of black celebrities is embarrassing. Also massively hypocritical: US media and Jewish groups are now silent on US backing of openly neo-Nazi Azov Battalion in Ukraine.', 'Today is 10th anniversary of the Ghouta chemical massacre in Syria. US blamed Syrian govt, but all evidence points to sectarian death squad rebels. Thats why Obama didnt bomb.  There are Western officials who know more about Ghouta than has been publicly disclosed. Just as the', 'These ""rebels"" were also armed by Israel, which regularly bombs Syria to help enforce a US blockade. Meanwhile the US occupies 1/3 Syria, stealing its wheat/oil, and imposes sanctions that, as former senior Trump officials brag, have ""crushed"" Syrias economy, causing ""food', 'Former Israeli PM Naftali Bennet: NATO “decided that it is necessary to continue to smash Putin, and not to negotiate… They broke off the negotiations, and then it seemed to me that they were wrong.”', 'The UN says that Israels bombing of Syrias Aleppo airport forced it ""to suspend or divert flights used to transport vital medical supplies such as tetanus vaccines, diabetes medication and blood-transfusion testing equipment.""', 'I try not to invoke my Jewish identity because opinions have value on merits, not ethnicity. But the policing of black celebrities is embarrassing. Also massively hypocritical: US media and Jewish groups are now silent on US backing of openly neo-Nazi Azov Battalion in Ukraine.', 'Today is 10th anniversary of the Ghouta chemical massacre in Syria. US blamed Syrian govt, but all evidence points to sectarian death squad rebels. Thats why Obama didnt bomb.  There are Western officials who know more about Ghouta than has been publicly disclosed. Just as the', 'These ""rebels"" were also armed by Israel, which regularly bombs Syria to help enforce a US blockade. Meanwhile the US occupies 1/3 Syria, stealing its wheat/oil, and imposes sanctions that, as former senior Trump officials brag, have ""crushed"" Syrias economy, causing ""food']","[4796, 1145, 1442, 2525, 1442, 4796, 1145, 1442, 2525, 1442]","[1835, 572, 271, 1023, 271, 1835, 572, 271, 1023, 271]","['One day after it whitewashed the Palestinian death toll, NYT now describes an Israeli attempt to raze Palestinian homes and make their area unlivable as an attempt to ""help create a buffer zone.""  Nazi propagandists would be impressed.', 'In 2018, Henry Siegman, former head of the American Jewish Congress and the Synagogue Council of America, wrote this about Israels claim of ""self-defense"" in Gaza and the West Bank:  ""In Gaza, as in the West Bank beyond the pre-1967 armistice line, Israel is acting not in', 'This headline -- erasing the ""cost"" of 23,000+ Palestinians killed by the invading Israeli army, plus many more wounded, maimed, and displaced -- only underscores that the NYT should change its name to the Nazi Yisrael Times:', 'The Israeli outlet Haaretz has confirmed what independent journalists @AliAbunimah @davidsheen @MaxBlumenthal reported from the start: Israel invoked the Hannibal Directive and slaughtered its own people on Oct. 7th to prevent them from being taken captive.   Former IDF']","[4469, 1779, 5222, 4518]","[2000, 865, 2155, 2082]"
jimmy_dore,Democratic Party,628500,"['The U.S. is doing what it always does, terrorize the world for corporate profits.   Here Seymour Hersh explains EXACTLY how the United States blew up The Nord Stream pipeline so US companies could sell more Natural Gas to Europe.    Were The Terrorists.  …', 'The U.S. is doing what it always does, terrorize the world for corporate profits.   Here Seymour Hersh explains EXACTLY how the United States blew up The Nord Stream pipeline so US companies could sell more Natural Gas to Europe.    Were The Terrorists.  …']","[5239, 5237]","[1465, 1465]","['This is AMAZING. Watch as Trumps says it is not the Palestinians blocking peace, but   Netanyahu that doesnt want to make a  deal  & is BLOCKING A PEACE DEAL.   This confirms everyones suspicions that Netanyahus plan all along was to wipe out the Palestinians, move those that', 'It’s been like this since 1948, but modern day Zionists are such depraved blood thirsty maniacs that even Americans are waking up:', 'This is AMAZING. Watch as Trumps says it is not the Palestinians blocking peace, but   Netanyahu that doesnt want to make a  deal  & is BLOCKING A PEACE DEAL.   This confirms everyones suspicions that Netanyahus plan all along was to wipe out the Palestinians, move those that', 'It’s been like this since 1948, but modern day Zionists are such depraved blood thirsty maniacs that even Americans are waking up:', 'Here’s how Israel deals with Jews in Israel protesting against the Israel government.']","[8554, 1062, 8504, 1056, 4281]","[2987, 300, 2964, 296, 1647]"
spiritofho,Democratic Party,146800,"['RFK Jr. says he opposed arming and funding Ukraine in a proxy war with Russia.  US officials, including Joe Biden, want to make Ukraine the “Israel” of Europe.  RFK Jr. endorses the US funding and arming Israel.  This is red-flag levels of hypocrisy.', 'Free Palestine is trending. This is a reminder that the biggest impediment to Palestines liberation is the U.S.s ceaseless funding of Israels apartheid regime.', 'Free Palestine is trending. This is a reminder that the biggest impediment to Palestines liberation is the U.S.s ceaseless funding of Israels apartheid regime.']","[1145, 1293, 1293]","[458, 414, 414]","['Israel  is already sniping at civilians attempting to go home during the temporary ceasefire.  This terrorist regime has run out of masks to take off.', 'Israel  has displaced over a MILLION Palestinians from their homes as they bomb everything that moves.  The second Nakba isn’t coming. It’s happening NOW.', 'This is what Israels ""war"" is doing in Rafah.  This is not ""victory."" Its a project of genocidal desperation aided and abetted by the U.S. and its European vassals.']","[1929, 1398, 1617]","[1432, 963, 811]"
RealSpikeCohen,Republican Party,222100,"['And while were on this subject, theres a difference between acknowledging that a celebrity said something foolish, and claiming the celebrity is responsible for violence.  Anyone whos going to do violence because Ye said something about Jews was already going to do violence.', 'Jew here.  Words mean things.  When everything is called antisemitic, it helps provide cover for actual antisemitism.']","[2010, 2482]","[84, 560]","['""Hamas, to my great regret, is Israel’s creation.""  These are the words of Avner Cohen, a former Israeli religious affairs official who worked in Gaza for decades.  As you watch the death and destruction that is currently unfolding in Israel and Palestine, its important for you', 'As recently as 2020, the Israeli government was begging Arab governments to continue funding Hamas.  Ask yourself why theyd do that.  Ask yourself why the most secure border on earth fell to people on paragliders.  Consider who this war benefits:  - Netanyahu, whose corruption']","[6409, 3425]","[2854, 1132]"
ComicDaveSmith,Republican Party,570400,"['If you were on a mission to create more antisemitism in this country, you couldn’t do a better job than the ADL.', 'Isn’t it crazy that almost no one in the political or media class talk about radical Islamic terrorism anymore. There’s no concern about it, and yet every emergency power that the government took in the name of terrorism, DHL, TSA, Patriot act, is just part of America now.', 'You cannot possibly compare NATOs interventions to Russias invasions. It requires both a deliberate ignorance of the scale and to deliberately ignore the history of Russian genocide in Ukraine.  Dont deliberately ignore the history of Russian genocide in Ukraine.', 'If you don’t support Israel, you ain’t black!', 'Bernie Sanders is approximately as Jewish as a ham sandwich topped with shrimp on lard bread x.com/OstrovA/statu…', 'Absolutely not! The ADL represents Jews in the same way that Fortune 500 CEOs represent men. It’s a tiny substratum that in no way represents the entire group.', 'If you were on a mission to create more antisemitism in this country, you couldn’t do a better job than the ADL.', 'Isn’t it crazy that almost no one in the political or media class talk about radical Islamic terrorism anymore. There’s no concern about it, and yet every emergency power that the government took in the name of terrorism, DHL, TSA, Patriot act, is just part of America now.', 'You cannot possibly compare NATOs interventions to Russias invasions. It requires both a deliberate ignorance of the scale and to deliberately ignore the history of Russian genocide in Ukraine.  Dont deliberately ignore the history of Russian genocide in Ukraine.']","[2577, 8286, 5401, 1809, 1015, 3086, 2577, 8284, 2946]","[228, 1572, 949, 112, 72, 380, 228, 1572, 450]","['For the amount of times it’s been demanded that I condemn this kid and having never done it, you’d think if he were going to come out and criticize me, he would at least have something to say other than “look at this guy believing in freedom while being Jewish.”  For the record,', 'So now we’re all going to pretend that Dave Smith is THE redpilled guy and not a libertarian Jew who is willing to talk about neocons and deflect accusations of antisemitism?  I like him but let’s be honest.', 'I don’t think there’s anything secret about it. Anyone can read “A clean break’ A major contributing factor to the neocons desire to remove Saddam was Israeli interests. And they were openly supportive of the war. Of course, that doesn’t absolve anyone.  My point is more that', '@ComicDaveSmith, the reason Jewish people call you a self-hating Jew is because youre completely quite on the ""protests"" on college campuses that are straight up calling for ""more Oct 7th 10,000 times"", &""Go home to Poland Jew"".  Youre vocal on many things, why quite on this?', 'As the Israeli assault on Gaza becomes even more transparently indefensible, I’d like to take on the three main “justifications” that I get the most.  1) They have to finish the job! Hamas must be defeated!  The obvious moral hypocrisy of believing that you are justified in', 'It’s pretty amazing. I’ve spent the last week talking about the conditions that led to the Hamas terrorist attack, mainly Israel’s occupation and Israel’s support of Hamas. I’ve been speaking out against the current war, where over a million children’s lives hang in the balance.', 'The Hamas attack on Israel was horrific, criminal and so stupid. It guarantees further suffering for their own people.  The problem in America is that most people have a simplistic view of the situation that is completely removed from reality. They assume normal relations and', 'Obviously the story of the day is Biden’s monumentally disastrous performance, and it should be, but can we take a moment to appreciate how unbelievably awful and cowardly Trump’s take on Israel was?  Seriously? Joe Biden, the life long Zionist who is currently funding the', 'I have admired many aspects of RFK’s campaign. His opposition to Covid tyranny, vax mandates, the Ukraine war and the deep state have been nothing short of heroic.   However, his support for the war in Gaza is disqualifying. We are THE antiwar, non-interventionist party and', 'If anyone spoke this way about Israeli children as they were being slaughtered what would your reaction be?', 'One of the quickest IQ tests on Twitter is when you make a logical analogy and someone responds with “those two situations aren’t exactly the same!”  Also, this guy just compared Hamas to the Nazis. See “DIFFERENT” is ok when you’re justifying the mass slaughter of babies.', 'Whats the difference between a ""poison pill"" as described here and giving Gaza funding to become independent while expecting they will fail? Dont they look and sound the same?']","[5891, 3825, 2045, 1780, 7861, 3947, 9217, 6540, 4907, 9284, 1166, 2285]","[287, 421, 130, 175, 1755, 294, 1314, 738, 483, 1395, 90, 227]"
BernardKerik,Republican Party,328900,"['#NeverForget #NeverForgive   No plea deals for 9/11 terrorists!', '#NeverForget #NeverForgive   No plea deals for 9/11 terrorists!', '#NeverForget #NeverForgive   No plea deals for 9/11 terrorists!']","[1014, 1011, 1015]","[262, 263, 262]","['Philadelphia, PA - four masked men walked into Cafe Ole (Huntingdon) and proceeded to tear off the Israeli flag, while yelling “Free Palestine” as they left.   Police are investigating.']",[2489],[1393]
TomFitton,Republican Party,2700000,"['Biden gang walks back claim drone strike killed senior al-Qaeda leader  ""U.S. military officials are walking back claims that a recent strike in Syria killed an influential al-Qaeda figure, following assertions by the dead man’s family that he had no ties to terrorists but was a', 'Atlanta Mayor Says the Quiet Part Out Loud About Saturdays Leftist Terrorism in the City. “So make no mistake about it, these individuals meant harm to people and to property,”', 'Squad Democrat Ilhan Omars World Cup trip funded by Hamas-tied Qatar', 'OUTRAGE! On 9/11 of all days, Biden administration gives Irans terrorist regime ""waiver"" to get $6 billion in funds in exchange for release of 5 US prisoners held hostage by the terror regime. Biden will also release 5 Iranian prisoners from US custody.', 'Biden gang walks back claim drone strike killed senior al-Qaeda leader  ""U.S. military officials are walking back claims that a recent strike in Syria killed an influential al-Qaeda figure, following assertions by the dead man’s family that he had no ties to terrorists but was a']","[1873, 2800, 1695, 1033, 1869]","[575, 703, 1328, 573, 574]","['Israeli military kills Hamas terrorists, finds significant weapons and assets inside UNRWA headquarters … #FoxNews', 'UN agency ""aid"" get ""stolen"" by Hamas.  ""U.N. sources told Israel’s Walla News that the aid was stolen, and Israel’s military liaison to the Palestinians reports that 24,000 liters of fuel and medical supplies went to Hamas, whose underground bases use diesel generators.""', '""Hamas started the war with a massacre, took these hostages and hid them in a crowded civilian area. Then, when Israel came to free them, Hamas responded with heavy fire, including RPGs—yet people are condemning Israel. It makes us wonder if the West has lost the moral', 'Less than a month after Biden admin trades with terrorists for American hostages in Iran by releasing billions, Iran front-group Hamas launches terrorist war on Israel.']","[1359, 1139, 3386, 3177]","[433, 600, 1129, 1023]"
benshapiro,Republican Party,7000000,"['I mean look at this vile shit from the NYT. Israels military killed TERRORISTS. Palestinian terrorists killed SYNAGOGUE ATTENDEES. To the NYT, its all just a cycle of violence:', 'This is all part of a broader Leftist narrative that its the new right-wing Israeli government ""raising risk of escalation"" when 13-year-old terrorists shoot people going to synagogue, Hamas cheers, and the PA cuts off security cooperation. Look at this pathetic NYT headline:', 'Youre telling me -- not Bernie Sanders, who is making kissy-face with Rashida Tlaib over an event declaring Israels creation a disaster WHILE ROCKETS FALL ON TEL AVIV -- that its antisemitic to call out Bernies anti-Jewish garbage? GFY.', 'I mean look at this vile shit from the NYT. Israels military killed TERRORISTS. Palestinian terrorists killed SYNAGOGUE ATTENDEES. To the NYT, its all just a cycle of violence:', 'This is all part of a broader Leftist narrative that its the new right-wing Israeli government ""raising risk of escalation"" when 13-year-old terrorists shoot people going to synagogue, Hamas cheers, and the PA cuts off security cooperation. Look at this pathetic NYT headline:', 'The current Israeli government had to pass the judicial reform. It is INCREDIBLY mild: it merely says that the judiciary cannot simply declare a law ""unconstitutional"" in a land with no written constitution on the basis of it being ""unreasonable.""   Imagine the Supreme Court in', 'The juxtaposition of rabid anti-Semite Rashida Tlaib attempting to perform a ""Nakba Day"" lamenting the existence of the State of Israel while Hamas fires missiles into the heart of Tel Aviv is pretty clarifying.', 'Yes, this is how Middle East journalisming often works', 'I mean look at this vile shit from the NYT. Israels military killed TERRORISTS. Palestinian terrorists killed SYNAGOGUE ATTENDEES. To the NYT, its all just a cycle of violence:', 'This is all part of a broader Leftist narrative that its the new right-wing Israeli government ""raising risk of escalation"" when 13-year-old terrorists shoot people going to synagogue, Hamas cheers, and the PA cuts off security cooperation. Look at this pathetic NYT headline:', 'A Palestinian Arab murders seven Jews going to synagogue in Jerusalem, the historic capital of the Jewish people.  Many Palestinians celebrate. Hamas takes credit.   Media response: This is a cycle of violence. After all, Jews WERE going to shul in Jerusalem.', 'The juxtaposition of rabid anti-Semite Rashida Tlaib attempting to perform a ""Nakba Day"" lamenting the existence of the State of Israel while Hamas fires missiles into the heart of Tel Aviv is pretty clarifying.']","[1417, 1026, 5079, 1412, 1024, 5228, 2513, 5228, 1417, 1026, 4669, 2516]","[139, 98, 478, 138, 97, 892, 382, 892, 140, 99, 535, 384]","['Good news, then: the IDF will have security control, and the current government is a unity government including his opposition. The post-Hamas plans for Gaza have literally nothing to do with Netanyahu personally.', '""I don’t know, frankly, who should control Gaza when or if Hamas is wiped out. But I do know it cant be Benjamin Netanyahu.""  Piers Morgan criticises the Israeli Prime Ministers plans to occupy Gaza after the bombing is done.  @piersmorgan. @TalkTV. #PMU', 'Israel: Here are the terms of our proposed ceasefire. Hamas: No. We will fire rockets at your soldiers at a humanitarian aid entry. Israel: Okay, were going into Rafah. Hamas: We accept a ceasefire we negotiated with ourselves. Media: Hamas accepts ceasefire! They want peace!', 'They said this BEFORE Israel took Rafah. They said this BEFORE Israel took the Philadelphia Corridor. They said this BEFORE Israel killed Deif, Haniyeh, and Shukr. So Id take their military opinions with a Dead Sea-worth of salt.', 'Remember, the obstacle to peace in the Middle East is very simple: Palestinian rejection of Israel, and heartfelt support for murderous terrorism. The supposedly ""moderate"" Palestinian Authority has now formed a unity government with HAMAS.', 'The word ""evil"" is not descriptive enough for Hamas. They murdered in cold blood six people they had taken hostage almost a year ago, including an American, just days ago -- all in an attempt to sow seeds of political chaos. A few points:  1. Hamas must be extirpated. It is the', 'Now that hes the political leader of Hamas, that means when his obituary is written, well learn he was actually a moderate voice in favor of a ceasefire according to WaPo and NYT', 'This creates a catch-22. If Israel does not defend itself, Israel is destroyed. If Israel does defend itself while Hamas hides behind civilians, the media blast out these images. So what, precisely, is Israel supposed to do? World opinion will not govern Jewish survival.', 'People need to understand how the Arab and Muslim world is digesting these images.  You might say, “they’ve always been against Israel; I don’t care,” but that’s foolish.  Support can shift from being non-existent to very aggressive opposition on a broad scale in a short time.', 'If the Israeli security cabinet approves a temporary pause in order to return some of the hostages, the world will undoubtedly take this as the first step toward cessation of hostilities. Nope. Israels mission will not and should not change: the utter destruction of Hamas.', 'The word ""evil"" is not descriptive enough for Hamas. They murdered in cold blood six people they had taken hostage almost a year ago, including an American, just days ago -- all in an attempt to sow seeds of political chaos. A few points:  1. Hamas must be extirpated. It is the', 'Israel: Wed like our hostages back. Hamas: Our counteroffer is that you get back their corpses and permanently end your war against us. NYT: Small changes to the deal proposed', 'As every single person knows, this ends when Hamas surrenders. But Hamas wont surrender. Because theyre counting on useful idiots to preserve their power. Hamas seeks Palestinian suffering.', 'Israel’s pager attack in Lebanon detonated thousands of handheld devices across of a slew of public spaces, seriously injuring and killing innocent civilians.  This attack clearly and unequivocally violates international humanitarian law and undermines US efforts to prevent a', 'Once again, the images from Gaza are awful and heartbreaking and entirely the fault of Hamas. The minute Hamas gives up the hostages and surrenders, this is all over. Everyone knows it. And everyone calling for a ceasefire is doing Hamas dirty work.', 'Netanyahus democratically-elected unity government includes his chief center-left political rival, Benny Gantz. Nearly 250 IDF soldiers have been killed going door-to-door to protect civilians. Dictator Assad used chemical weapons on civilians. This comparison is asinine.', 'Israel under Netanyahu is not really different than Syria under Assad -- a brutal government trying to protect an endangered Middle Eastern religious minority group by convincing everyone that its too savage and ruthless to mess with.  …', 'Now that hes the political leader of Hamas, that means when his obituary is written, well learn he was actually a moderate voice in favor of a ceasefire according to WaPo and NYT', 'Incredible that the Lefts response to Americans cheering to free American hostages held by the terrorist group Hamas (which denies a ceasefire), is that a Palestinian must speak in order to rip into the American ally Israel fighting to free those American hostages', 'Was supremely moved by this speech, which was searing and compassionate. Also seems essential to include a Palestinian speaker to the convention.   …', 'These pro-Hamas protests are being fostered by the faculty and patted on the head by the administration. Thats because these colleges have been completely eaten by the evil intersectional ideology that crosses streams with Jew-hatred.', 'We ought to have sympathy for both. And we ought to recognize that both are dead because of Hamas.', 'If you feel no sympathy for innocent Israelis murdered or kidnapped by Hamas terrorists last weekend, you have no humanity.  If you feel no sympathy for innocent Palestinians killed in Israels revenge attacks on Gaza, you have no humanity.  Be human.', 'The predictable results of Bidens disgusting weapons cut-off threat: 1. Hamas refuses any deal. The hostages, including Americans, remain. Hamas knows theyve got Biden on their side. 2. Israel MUST go into Rafah because of (1).  3. Biden is cutting off targeted munitions, which', 'The Houthi slogan: ""Allahu Akbar, Death to America, Death to Israel, A Curse Upon the Jews, Victory to Islam.""  Biden cut off arms sales for Saudi against them and removed the Houthis terrorist designation in 2021, then started negotiating with Iran.  All that worked out great.', 'The Biden administration is now effectively preparing to make aid to Israel contingent on. unspecified changes to Israeli policy. Which means that Israel can do little or nothing to appease the White House. Hamas is now in control of the Biden administration.', 'Blinken: Were close to a deal! Hamas: Nope. Blinken: The deal isnt dead! Hamas: ::sends suicide bomber to Tel Aviv:: Blinken: We can still make a deal!  The WH is trying to delay action beyond the DNC. In doing so, its telegraphing weakness to Iran, Hezbollah, and Hamas.', 'No shit. Thats what happens when Hamas rejects the ceasefire offer and asks Hezbollah to go hot.', 'Politico : Senior US officials say the ceasefire deal is on the verge of collapse.', 'Agreed. This is precisely why Palestinian civilians in Gaza should listen to Israels warnings and leave target areas -- and it is also precisely why Hamas is telling them not to do so.', 'Hamas does not have the capacity anymore for serious offensive action. But theyve roped Iran and Hezbollah into sympathy action that neither Iran nor Hezbollah can afford. Iran and Hezbollah are desperately attempting to get to a ceasefire offramp so they can claim that they', '#BREAKING Hamas claims to have fired two rockets at Tel Aviv.  Residents report hearing explosions.', 'Remember, the obstacle to peace in the Middle East is very simple: Palestinian rejection of Israel, and heartfelt support for murderous terrorism. The supposedly ""moderate"" Palestinian Authority has now formed a unity government with HAMAS.']","[2497, 20479, 31297, 1069, 4636, 31297, 2780, 11133, 14432, 31283, 2273, 16611, 26571, 32881, 33563, 4455, 2781, 31283, 1259, 5622, 24177, 16712, 1203, 1570, 15428, 10326, 11720, 3384, 14118, 1064, 1966, 1064, 21490]","[289, 4076, 5374, 236, 618, 5374, 356, 2851, 1874, 5362, 325, 2737, 2929, 6590, 7459, 575, 353, 5362, 147, 1157, 3540, 3228, 99, 190, 2828, 2665, 2028, 418, 2052, 234, 226, 234, 2973]"
elonmusk,Republican Party,201800000,"['The New York Times actually has the nerve to support calls for genocide! If ever there was a time to cancel that publication, it is now.  You can read their articles for free anyway using .', 'Artificial intelligence discussion with PM Netanyahu in an hour', 'I look forward to speaking at 9:15  (19:15 Israel time) on X with @elonmusk about how we can harness the opportunities and mitigate the risks of AI for the good of civilization.', 'The New York Times actually has the nerve to support calls for genocide! If ever there was a time to cancel that publication, it is now.  You can read their articles for free anyway using .', 'Artificial intelligence discussion with PM Netanyahu in an hour', 'I look forward to speaking at 9:15  (19:15 Israel time) on X with @elonmusk about how we can harness the opportunities and mitigate the risks of AI for the good of civilization.', 'Because the answer is “Yes!” regarding seeking donations, hence JG’s refusal to answer the question.   JG instead went on the attack, implying that Sorkin, despite being Jewish, is somehow an anti-Semite just for asking a basic conflict-of-interest question!']","[199964, 108779, 205252, 200666, 109148, 10219, 10364]","[48918, 12453, 27567, 49221, 12541, 1474, 867]","['Khamenei’s official position is clear that the eradication of Israel is the actual goal, not just supporting Palestinians.  That will not happen. All that actually happens, decade after decade, is a never-ending cycle of violence and vengeance.  Stoking the fires of hatred isn’t', 'Starlink is now active in a Gaza hospital with the support of @UAEmediaoffice and @Israel', 'If you teach that “weak makes right”, then the perceived stronger party – in this case, Israel – is wrong.  Morals should be taught in the absolute, meaning that it is possible for either the strong or weak to be morally good, depending on their actions.', 'Yes, “decolonization” necessarily implies a Jewish genocide, thus it is unacceptable to any reasonable person', 'This was a tough call.   While many government leaders, including in the USA, do call for killing people, we have a “UN exemption rule”; if a government is recognized by the UN, we will not suspend their accounts.  Hamas is not recognized as a government by the UN, so was', 'If you teach that “weak makes right”, then the perceived stronger party – in this case, Israel – is wrong.  Morals should be taught in the absolute, meaning that it is possible for either the strong or weak to be morally good, depending on their actions.', 'Khamenei’s official position is clear that the eradication of Israel is the actual goal, not just supporting Palestinians.  That will not happen. All that actually happens, decade after decade, is a never-ending cycle of violence and vengeance.  Stoking the fires of hatred isn’t', 'Starlink is now active in a Gaza hospital with the support of @UAEmediaoffice and @Israel', 'Yes, “decolonization” necessarily implies a Jewish genocide, thus it is unacceptable to any reasonable person', 'Starlink will support connectivity to internationally recognized aid organizations in Gaza.   ComStar', 'If you teach that “weak makes right”, then the perceived stronger party – in this case, Israel – is wrong.  Morals should be taught in the absolute, meaning that it is possible for either the strong or weak to be morally good, depending on their actions.', 'Starlink is now active in a Gaza hospital with the support of @UAEmediaoffice and @Israel', 'Khamenei’s official position is clear that the eradication of Israel is the actual goal, not just supporting Palestinians.  That will not happen. All that actually happens, decade after decade, is a never-ending cycle of violence and vengeance.  Stoking the fires of hatred isn’t']","[44162, 261126, 148044, 34170, 4181, 148075, 44171, 261387, 34204, 162231, 147384, 259823, 44030]","[10475, 28047, 26011, 7042, 1527, 26071, 10486, 28151, 7055, 64463, 25777, 27744, 10405]"
SarcasmStardust,Republican Party,127900,['Go fuck yourself.   Israel IS an apartheid state.'],[1472],[296],"['Let’s start a thread of all the times high level Israeli officials, affiliates, and proxies have openly called for genocide. Drop em here']",[7886],[3581]
donaldjtrumpjr,Republican Party,12400000,"['The Hamas caucus of the house is really upset that an antisemite was removed from the foreign affairs committee. I’m shocked…but also glad that finally some people did something.', 'Instead of taking personal responsibility like a man for his vile views about Jews, @emeriticus goes full leftist and like a coward, blames Trump!!!   ""In an interview. Gonzalez attributed the remarks to his descent into what he described as an ""online Trump world""', 'The Hamas caucus of the house is really upset that an antisemite was removed from the foreign affairs committee. I’m shocked…but also glad that finally some people did something.']","[37656, 1688, 37657]","[257, 533, 257]","['FULL STORY: Walz administration awarded $2 million to Muslim group fundraising for al Qaeda-linked charity', 'I think these people should go to Israel and negotiate with Palestinian and Hamas leadership. I’m sure they’ll be taken seriously and not thrown off of the rooftops!', 'This is from the US Embassy in Israel urging Israel to not retaliate under unprecedented circumstances… a literal  attack on their very existence. It’s absolutely unbelievable. Like so many examples here in the United States. The left thinks you should be OK with your own demise', 'Pretty amazing that the entire establishment media had people embedded with Hamas while they did the terrorist attack on 10/7. Are we still pretending they’re not the enemy of the people? Truly sick people!', 'Shocked that even MSDNC realized that it probably wasn’t a great idea to have Pro Hamas propagandists on air for hours a week.']","[1139, 17482, 19049, 36166, 1799]","[541, 3636, 6342, 13457, 413]"
michaelmalice,Republican Party,,"['Wikipedia:  7 accounts getting suspended-- ""massacre"" 14,000 arrests, 19 dead, biggest national guard deployment ever-- ""protests""']",[7115],[1208],"['On this Day of Jihad, @JohnFetterman  delivers a prayer for peace in Arabic', 'Elderly man assaulted in his own home by an invader This is what Hamas Day of Jihad has resulted in', 'Kudos to my Mossad comrades for engineering it so that the Libertarian Party couldnt be an effective force against Israel this year.  . and, lock comments', 'Looks like Hamas cured that new Covid wave', 'Hamas to endorse college debt relief shortly', 'CNN has confirmed that as the Hamas fighters were slaughtering innocent people they could be heard to be chanting ""This is MAGA country""', 'Guys Israel just needs to send John Fetterman to negotiate with Hamas After trying to listen to him their translator will just blow himself and the leadership up, and steps towards a lasting peace can commence']","[2066, 1620, 2622, 4589, 2622, 1746, 1204]","[304, 119, 197, 575, 197, 185, 133]"
tomilahren,Republican Party,2600000,"['Today is Monday, September 11th and it marks the 22nd anniversary of the radical islamic terror attacks that killed some 3,000 Americans.  If you’re wondering where our president is today, it’s not New York, not Ground Zero, not DC, not Shanksville.   He’s in Alaska']",[2454],[240],"['We need to stop referring to these people as “anti-Israel” protesters. They couldn’t find Israel on a map.   They are misfits and losers who are carrying the banner for Islamic terrorism and many of them are doing it because it’s their only opportunity to fit in and be a part of', 'Terrorist sympathizers plus well meaning morons calling for a “ceasefire” like to absorb Hamas propaganda I guess EXCEPT when leaders of Hamas directly say they will repeat October 7 for as long as it takes until Israel is wiped off the map…', 'Let’s just be honest, these “pro-Palestine” encampments are little more than the misfits of the world living out the sleepovers they never got invited to during their childhood years.   Sure, there are some true jihadis hiding in there but most of them are just your typical', 'Hamas Official Ghazi Hamad: We Will Repeat the October 7 Attack Time and Again Until Israel Is Annihilated; We Are Victims - Everything We Do Is Justified #Hamas #Gaza #Palestinians', 'There is no “pro-Palestine” side to this. Palestine is controlled by Hamas. If you’re screeching for a ceasefire you’re coddling terrorists.   …']","[7200, 1221, 1401, 1221, 4290]","[1340, 270, 188, 270, 720]"
glennbeck,Republican Party,1900000,"['We shouldn’t have to tell the president to NOT make the Catholic sign of the cross in front of the Prime Minister of Israel. But yet, here we are.']",[3064],[1352],"['.@bennydav, a Jew who survived the 1976 terrorist plane highjacking, explains why the Jewish people cant just leave Israel for safety reasons: ""Where do you want us to go? The people of Israel will stand and defend our land. Because this is the only one we’ve got.""', 'Many Americans have moved past the Hamas terrorist attack. They think it’s over or that it’s time to move on. But nothing could be FURTHER from the truth. Tonight on Glenn TV, I explain why I’m afraid we’re heading toward a LARGER, maybe even BIBLICAL, war.', 'Biden now wants to create a separate label for Jewish-made products from the West Bank (AKA Judea & Samaria). Maybe its just me, but creating separate labels for Jews doesnt exactly have the best track record.', 'The attack on Israel is not over a territory dispute. Its about annihilating the Jews.', 'As the narrative that Israel bombed a hospital in Gaza continues to fall apart, I have to ask: Why was the media so quick to believe the words of jihadi terrorists who murdered American citizens?']","[1313, 1090, 2789, 4601, 2186]","[318, 318, 894, 1438, 623]"
coachbrucepearl,Republican Party,157100,"['What a great State we live in! Honored to Light the Menorah at The Governors Mansion in Montgomery Alabama tonight, celebrating the miracle of Hanukkah and the survival of the Jewish people! Thank you Governor Ivey!', 'Happy Hanukkah! Brandy and I are Grateful and Blessed to be able to celebrate the survival of the Jewish people with Auburn Hillel!']","[2439, 1661]","[95, 66]","['In response to Hamas attack on Israel, slaughtering 1200 innocent civilians with promises to do it again and again, Gov Walz wants to REWARD THEM with their own state? Sir, they have had their own Terrorist State since 2005! That swap of land for peace did not work then or now!', 'Walz goes all in for the pro-Hamas crowd, wow.  Walz: “We need to continue, I think, to put the leverage on” (meaning pressure Israel)  Walz: “I think those folks who are speaking out loudly in Michigan are speaking out for all the right reasons.”  Yikes. x.com/dylanewells/st…', '134 Innocent Hostages including 6 Americans are still being held by Hamas, Gazans and Palestinians. Not one word DEMANDING THEIR RELEASE from our President. On Oct 7th the Jewish People experienced the worst genocide since the Holocaust and we hear more about the suffering of', 'I just recited the Mourners Kaddish for an American, Hersh and the other hostages murdered by these barbarians! There is NO JUSTIFICATION! There doesnt need to be a deal, a ceasefire or a reward to Hamas or Hezbollah with the creation of a terrorist Palestinian state! Israel', 'There can be no “managing” of Hamas. It is a genocidal, jihadist org whose charter is the destruction of Israel and the murder of Jews worldwide. Israel must destroy Hamas, help the world rebuild Gaza and find peaceful Arab leaders like Abraham Accords']","[1288, 2047, 4736, 2047, 1525]","[199, 282, 700, 282, 215]"
marklevinshow,Republican Party,4400000,['2. He must also be aggressively questioned about his efforts at appeasing the terrorist Iranian regime.'],[1495],[461],"['IDF prepared for total eradication of Hamas, Netanyahu says', 'Hamas Nazis shooting at civilians to keep them away from aid trucks. Blinken silent.', 'Israel unleashes fire and fury against Hamas Nazis']","[5636, 4687, 5721]","[856, 2920, 740]"
ksorbs,Republican Party,2200000,['Ready for a historical trip of a lifetime?  Come join me in Israel next May!'],[1497],[139],['These people were prosecuted and had their lives destroyed more than any BLM/ANTIFA terrorist ever will.   …'],[24399],[6198]
