Name,Subject ID
SabbySabs2,19
RonFilipkowski,39
mmpadellan,67
krystalball,49
SteveSchmidtSES,92
TheRickWilson,60
davidsirota,35
TristanSnell,58
natsechobbyist,77
anthonyzenkus,63
briebriejoy,20
kylegriffin1,17
itsJeffTiedrich,74
JoJoFromJerz,26
MollyJongFast,32
aaronjmate,52
jimmy_dore,16
spiritofho,71
RealSpikeCohen,94
ComicDaveSmith,78
BernardKerik,93
TomFitton,87
charliekirk11,44
TuckerCarlson,15
benshapiro,41
elonmusk,30
SarcasmStardust,48
DineshDSouza,40
donaldjtrumpjr,95
michaelmalice,62
tomilahren,23
glennbeck,83
coachbrucepearl,28
bennyjohnson,89
marklevinshow,79
ksorbs,75
atensnut,72
scottpresler,68
pnjaban,29
hodgetwins,36
